track_name,artist_name,artist_count,released_year,released_month,released_day,in_spotify_playlists,in_spotify_charts,streams,in_apple_playlists,in_apple_charts,in_deezer_playlists,in_deezer_charts,in_shazam_charts,bpm,key,mode,danceability_%,valence_%,energy_%,acousticness_%,instrumentalness_%,liveness_%,speechiness_%,number_characters
Seven (feat. Latto) (Explicit Ver.),"Latto, Jung Kook",2,2023,7,14,553,147,141381703,43,263,45,10,826,125,B,Major,80,89,83,31,0,8,4,35
LALA,Myke Towers,1,2023,3,23,1474,48,133716286,48,126,58,14,382,92,C#,Major,71,61,74,7,0,10,4,4
vampire,Olivia Rodrigo,1,2023,6,30,1397,113,140003974,94,207,91,14,949,138,F,Major,51,32,53,17,0,31,6,7
Cruel Summer,Taylor Swift,1,2019,8,23,7858,100,166638087,116,207,125,12,548,170,A,Major,55,58,72,11,0,11,15,12
WHERE SHE GOES,Bad Bunny,1,2023,5,18,3133,50,303236322,84,133,87,15,425,144,A,Minor,65,23,80,14,63,11,6,14
Sprinter,"Dave, Central Cee",2,2023,6,1,2186,91,183706234,67,213,88,17,946,141,C#,Major,92,66,58,19,0,8,24,8
Ella Baila Sola,"Eslabon Armado, Peso Pluma",2,2023,3,16,3090,50,725980112,34,222,43,13,418,148,F,Minor,67,83,76,48,0,8,3,15
Columbia,Quevedo,1,2023,7,7,714,43,58149378,25,89,30,13,194,100,F,Major,67,26,71,37,0,11,4,8
fukumean,Gunna,1,2023,5,15,1096,83,95217315,60,210,48,11,953,130,C,Minor,85,22,62,12,0,28,9,8
La Bebe - Remix,"Peso Pluma, Yng Lvcas",2,2023,3,17,2953,44,553634067,49,110,66,13,339,170,D,Minor,81,56,48,21,0,8,33,15
un x100to,"Bad Bunny, Grupo Frontera",2,2023,4,17,2876,40,505671438,41,205,54,12,251,83,F#,Minor,57,56,72,23,0,27,5,9
Super Shy,NewJeans,1,2023,7,7,422,55,58255150,37,202,21,5,168,150,F,Minor,78,52,82,18,0,15,7,9
Daylight,David Kushner,1,2023,4,14,3528,98,387570742,80,156,182,24,"1,281",130,D,Minor,51,32,43,83,0,9,3,8
Kill Bill,SZA,1,2022,12,8,8109,77,587362101,183,162,161,12,187,89,G#,Major,64,43,73,5,17,16,4,9
Cupid - Twin Ver.,Fifty Fifty,1,2023,2,24,2942,77,496795686,91,212,78,6,0,120,B,Minor,78,76,59,43,0,34,3,17
Classy 101,"Feid, Young Miko",2,2023,3,31,2610,40,335222234,43,100,54,14,187,100,B,Major,86,67,66,14,0,12,16,10
Like Crazy,Jimin,1,2023,3,24,596,68,363369738,8,104,23,2,29,120,G,Major,63,36,73,0,0,36,4,10
LADY GAGA,"Gabito Ballesteros, Junior H, Peso Pluma",3,2023,6,22,332,26,86444842,11,163,10,4,0,140,F,Minor,65,87,74,22,0,42,4,9
I Can See You (Taylorï¿½ï¿½ï¿½s Version) (From The ,Taylor Swift,1,2023,7,7,516,38,52135248,73,119,42,1,150,123,F#,Major,69,82,76,6,0,6,3,51
"Peso Pluma: Bzrp Music Sessions, Vol. 55","Bizarrap, Peso Pluma",2,2023,5,31,1313,40,200647221,17,152,32,11,139,133,F,Minor,85,81,67,26,0,12,5,40
Popular (with Playboi Carti & Madonna) - The Idol Vol. 1 (Music from the HBO Original Series),"The Weeknd, Madonna, Playboi Carti",3,2023,6,2,1945,87,115364561,74,182,87,14,"1,093",99,C#,Major,85,83,68,7,0,36,20,93
SABOR FRESA,Fuerza Regida,1,2023,6,22,250,26,78300654,16,149,10,5,168,130,G,Minor,79,96,86,9,0,9,9,11
Calm Down (with Selena Gomez),"Rï¿½ï¿½ma, Selena G",2,2022,3,25,7112,77,454087459,202,119,318,38,96,107,B,Major,80,82,80,43,0,14,4,29
MOJABI GHOST,"Tainy, Bad Bunny",2,2023,6,29,859,40,61245289,35,109,41,14,211,122,F#,Minor,81,74,71,14,0,56,4,12
Last Night,Morgan Wallen,1,2023,1,31,2420,19,429829812,52,107,15,1,325,204,F#,Major,52,52,68,46,0,15,4,10
Dance The Night (From Barbie The Album),Dua Lipa,1,2023,5,25,2988,101,127408954,0,0,143,38,0,110,B,Minor,67,78,85,2,0,33,5,39
Rush,Troye Sivan,1,2023,7,13,864,78,22581161,71,135,50,1,294,126,F,Minor,74,35,84,0,0,11,6,4
TULUM,"Peso Pluma, Grupo Frontera",2,2023,6,28,266,34,52294266,20,185,13,8,197,168,F#,Major,56,63,87,39,0,11,5,5
Creepin',"The Weeknd, 21 Savage, Metro Boomin",3,2022,12,2,6036,88,426198401,113,149,245,23,27,98,C#,Minor,71,17,61,36,0,8,5,8
Anti-Hero,Taylor Swift,1,2022,10,21,9082,56,504872713,242,142,165,9,310,97,E,Major,64,51,63,12,0,19,5,9
TQG,"Karol G, Shakira",2,2023,2,23,4284,49,618990393,115,123,184,18,354,180,E,Minor,72,61,63,67,0,9,28,3
Frï¿½ï¿½gil (feat. Grupo Front,"Yahritza Y Su Esencia, Grupo Frontera",2,2023,4,7,672,34,188933502,19,108,24,9,212,150,F#,Major,61,39,73,37,0,11,3,30
Blank Space,Taylor Swift,1,2014,1,1,11434,53,148121035,154,123,410,2,81,96,F,Major,75,57,68,9,0,13,6,11
Style,Taylor Swift,1,2014,1,1,7830,42,85880223,94,111,151,4,82,95,D,Major,60,48,79,0,0,12,4,5
TQM,Fuerza Regida,1,2023,5,19,584,28,176553476,16,159,15,6,100,125,F,Minor,79,96,85,27,0,11,6,3
El Azul,"Junior H, Peso Pluma",2,2023,2,10,692,25,354495408,10,107,6,3,62,144,A,Minor,56,84,65,23,0,10,6,7
Sunflower - Spider-Man: Into the Spider-Verse,"Post Malone, Swae Lee",2,2018,10,9,24094,78,491724901,372,117,843,4,69,90,D,Major,76,91,50,54,0,7,5,45
I'm Good (Blue),"Bebe Rexha, David Guetta",2,2022,8,26,12482,80,560263565,291,184,537,45,727,128,G,Minor,56,38,97,4,0,35,4,15
See You Again,"Tyler, The Creator, Kali Uchis",3,2017,7,21,13387,64,158708777,77,58,247,1,311,79,F#,Major,56,58,56,37,0,11,10,13
Angels Like You,Miley Cyrus,1,2020,11,27,3372,19,146935719,65,48,138,1,102,122,F,Major,67,49,64,10,0,10,3,15
Die For You,The Weeknd,1,2016,11,24,2483,59,220703588,68,21,24,0,259,134,C#,Minor,59,51,52,9,0,15,7,11
Starboy,"The Weeknd, Daft Punk",2,2016,9,21,29536,79,343583074,281,137,"2,445",1,140,186,G,Major,68,49,59,16,0,13,28,7
Die For You - Remix,"Ariana Grande, The Weeknd",2,2023,2,24,3408,47,518745108,87,86,74,1,16,67,C#,Minor,53,50,53,23,0,44,7,19
El Cielo,"Feid, Myke Towers, Sky Rompiendo",3,2023,6,2,1298,38,107753850,44,64,57,10,110,106,A#,Minor,72,17,64,7,0,10,5,8
Baby Don't Hurt Me,"David Guetta, Anne-Marie, Coi Leray",3,2023,4,6,4277,66,177740666,145,111,213,11,810,128,G,Major,60,23,91,0,0,12,3,18
AMARGURA,Karol G,1,2023,2,24,1133,39,153372011,14,71,23,10,176,107,F#,Minor,92,55,70,18,0,15,7,8
(It Goes Like) Nanana - Edit,Peggy Gou,1,2023,6,15,2259,59,57876440,0,0,109,17,0,130,G,Minor,67,96,88,12,19,8,4,28
Moonlight,Kali Uchis,1,2023,2,24,2649,42,256483385,67,79,57,1,615,137,G,Minor,64,88,72,51,0,17,5,9
La Bachata,Manuel Turizo,1,2022,5,26,6804,45,613111893,139,111,161,15,210,125,G,Minor,84,85,68,58,0,22,4,10
Tï¿½ï¿½,"dennis, MC Kevin o Chris",2,2023,5,4,731,15,111947664,27,17,73,4,167,130,B,Major,86,59,96,50,1,9,5,7
Boy's a liar Pt. 2,"PinkPantheress, Ice Spice",2,2023,2,3,5184,41,156338624,154,84,102,14,37,133,F,Major,70,86,81,25,0,25,5,18
Left and Right (Feat. Jung Kook of BTS),"Charlie Puth, BTS, Jung Kook",3,2022,6,24,3107,39,363819171,38,0,4,0,0,101,D,Major,88,72,59,62,0,9,3,39
BESO,"Rauw Alejandro, ROSALï¿½",2,2023,3,24,4053,50,357925728,82,121,182,12,171,95,F,Minor,77,53,64,74,0,17,14,4
Hey Mor,"Ozuna, Feid",2,2022,10,6,4637,38,340406606,63,79,89,11,16,98,C#,Minor,90,40,59,0,0,10,29,7
Karma,Taylor Swift,1,2022,10,21,3818,23,204304164,37,55,32,0,272,90,G#,Major,64,10,62,7,0,48,7,5
People,Libianca,1,2022,12,2,3506,56,188465916,105,64,169,8,529,198,A#,Minor,59,71,42,55,0,10,7,6
Overdrive,Post Malone,1,2023,7,14,410,36,14780425,36,32,31,1,26,140,C#,Major,56,48,73,0,0,35,4,9
Enchanted (Taylor's Version),Taylor Swift,1,2023,7,7,148,24,39578178,32,93,8,2,5,82,G#,Major,51,22,53,1,0,15,3,28
BABY HELLO,"Rauw Alejandro, Bizarrap",2,2023,6,23,1004,35,54266102,42,80,58,3,169,130,C#,Minor,77,84,89,17,0,43,5,10
golden hour,JVKE,1,2022,7,15,4511,36,379322810,70,58,109,18,230,94,C#,Minor,51,14,59,65,18,25,3,11
"Quevedo: Bzrp Music Sessions, Vol. 52","Bizarrap, Quevedo",2,2022,7,6,8506,45,685065145,94,65,164,14,176,128,D,Major,62,55,78,1,3,23,4,37
Viva La Vida,Coldplay,1,2008,1,1,33898,62,115178441,233,0,"4,095",9,0,138,F,Minor,49,42,62,9,0,11,3,12
Here With Me,d4vd,1,2022,7,17,3246,23,320882976,94,85,68,1,84,132,E,Major,58,27,48,50,0,12,3,12
Unholy (feat. Kim Petras),"Sam Smith, Kim Petras",2,2022,9,22,8576,42,621491119,216,108,331,26,154,131,D,Major,71,24,47,1,0,27,9,25
Yandel 150,"Yandel, Feid",2,2022,12,20,3618,38,295776063,47,74,80,14,194,168,F#,Minor,78,58,73,5,0,10,7,10
CORAZï¿½ï¿½N VA,Maria Becerra,1,2023,6,22,370,20,43857627,12,16,18,4,93,98,C#,Major,68,40,79,33,0,30,6,15
Until I Found You (with Em Beihold) - Em Beihold Version,"Em Beihold, Stephen Sanchez",2,2022,4,22,2790,30,303493208,60,96,71,0,115,101,A#,Major,34,32,57,78,0,20,3,56
Novidade na ï¿½ï¿½,"Mc Livinho, DJ Matt D",2,2023,6,23,267,9,39709092,9,6,25,2,72,130,F,Major,63,36,34,76,0,35,9,18
Back To December (Taylor's Version),Taylor Swift,1,2023,7,7,139,17,39228929,16,72,5,0,8,142,D,Major,50,20,64,1,0,12,3,35
STAY (with Justin Bieber),"Justin Bieber, The Kid Laroi",2,2021,7,9,17050,36,906274972,492,99,798,31,0,170,C#,Major,59,48,76,4,0,10,5,25
El Merengue,"Marshmello, Manuel Turizo",2,2023,3,3,2114,44,223633238,80,75,110,11,323,124,G#,Minor,78,70,68,3,1,11,4,11
Me Porto Bonito,"Chencho Corleone, Bad Bunny",2,2022,5,6,8870,43,727582457,104,120,141,26,49,92,C#,Minor,91,43,71,9,0,9,8,15
Makeba,Jain,1,2015,6,22,6060,53,19892002,150,148,"2,703",22,"1,451",116,D,Major,82,40,66,39,51,25,7,6
MONTAGEM - FR PUNK,"Ayparia, unxbected",2,2012,6,20,641,50,5387593,1,52,8,0,"1,170",129,A,Major,63,84,82,70,8,9,7,18
Fast Car,Luke Combs,1,2023,3,24,1446,12,157058870,57,97,35,0,429,98,G#,Major,71,67,60,19,0,12,3,8
What It Is (Solo Version),Doechii,1,2023,3,17,804,25,95131998,29,76,24,0,162,172,C#,Minor,74,76,76,6,0,10,9,25
Coco Chanel,"Bad Bunny, Eladio Carrion",2,2023,3,17,1962,38,250305248,28,89,29,5,82,150,D,Major,68,14,76,4,0,10,4,11
Donï¿½ï¿½ï¿½t Bl,Taylor Swift,1,2017,11,8,4875,23,103830142,19,45,0,0,10,136,A,Minor,62,19,53,11,0,6,4,16
Still With You,Jung Kook,1,2020,6,5,31,39,9892970,2,107,8,0,0,88,C#,Minor,53,34,47,9,0,83,4,14
All My Life (feat. J. Cole),"J. Cole, Lil Durk",2,2023,5,12,2175,23,144565150,69,145,69,2,478,143,D#,Major,83,69,44,15,0,10,33,27
Say Yes To Heaven,Lana Del Rey,1,2023,3,17,2000,46,127567540,49,105,63,1,0,100,F#,Minor,49,17,35,71,9,11,3,17
Snooze,SZA,1,2022,12,9,2839,25,201841746,58,156,42,1,236,143,F,Major,56,39,55,14,0,11,13,6
Summertime Sadness,Lana Del Rey,1,2011,1,1,20333,52,85072996,89,143,"1,632",3,200,112,C#,Minor,56,24,66,7,0,12,3,18
Take Two,BTS,1,2023,6,9,674,47,118482347,20,106,25,4,78,93,G,Major,62,57,59,3,0,38,3,8
Lover,Taylor Swift,1,2012,1,1,8448,23,81928356,160,110,163,0,5,206,G,Major,43,50,55,50,0,15,10,5
Too Many Nights (feat. Don Toliver & with Future),"Future, Metro Boomin, Don Toliver",3,2022,12,2,2110,58,144632035,17,119,19,2,266,88,G,Minor,68,17,71,15,0,11,5,49
Chemical,Post Malone,1,2023,4,14,2528,39,172825906,56,91,59,3,486,170,D,Major,50,37,90,0,0,12,5,8
New Jeans,NewJeans,1,2023,7,7,77,35,29562220,8,166,4,4,34,134,E,Minor,81,53,72,51,0,12,5,9
Primera Cita,Carin Leon,1,2022,4,20,266,27,39041340,6,40,6,6,202,158,A#,Major,54,50,40,61,0,10,6,12
Cold Heart - PNAU Remix,"Dua Lipa, Elton John, Pnau",3,2017,11,10,21097,52,243303318,384,135,"1,034",37,312,116,C#,Major,80,92,80,4,0,10,3,23
Dandelions,Ruth B.,1,2017,4,28,3423,21,169302638,41,100,59,1,32,117,C#,Major,61,45,69,2,0,9,3,10
Bones,Imagine Dragons,1,2021,3,11,4198,44,284965415,98,108,327,17,153,114,F,Minor,77,65,72,2,0,7,5,5
Set Fire to the Rain,Adele,1,2011,1,1,14739,43,100639410,88,112,"2,163",5,519,108,D,Minor,61,47,68,0,0,13,3,20
Money Trees,"Kendrick Lamar, Jay Rock",2,2012,1,1,26792,32,101488602,69,113,695,0,458,144,E,Minor,74,37,53,7,0,21,10,11
Tak Segampang Itu,Anggi Marito,1,2022,12,2,213,6,90727913,7,6,0,0,48,130,F,Major,51,18,44,76,0,11,3,17
LAGUNAS,"Jasiel Nuï¿½ï¿½ez, Peso P",2,2023,6,22,58,18,39058561,2,106,4,2,184,116,B,Major,77,79,62,33,1,15,3,7
Mine (Taylor's Version),Taylor Swift,1,2023,7,7,99,15,36912123,21,52,6,1,0,121,G,Major,65,49,78,0,0,17,4,23
No Role Modelz,J. Cole,1,2014,12,9,21164,36,195643706,80,65,476,0,14,100,A#,Minor,70,47,52,30,0,6,33,14
Tattoo,Loreen,1,2023,2,25,2988,59,201660859,74,102,145,18,925,150,D#,Minor,55,30,78,24,0,12,8,6
Rara Vez,"Taiu, Milo j",2,2023,2,8,893,38,248088961,19,23,24,3,88,120,F,Minor,84,96,71,18,0,34,17,8
VAGABUNDO,"Sebastian Yatra, Manuel Turizo, Beï¿½ï¿½",3,2023,5,12,1094,34,90839753,40,58,47,8,203,127,B,Minor,82,89,85,4,0,23,6,9
august,Taylor Swift,1,2020,7,24,7324,22,156364268,25,81,61,1,44,90,F,Major,51,42,61,53,0,9,3,6
LUNA,"Junior H, Peso Pluma",2,2023,6,22,201,11,55842345,19,117,8,1,74,128,A,Minor,75,79,63,33,0,15,4,4
Miracle (with Ellie Goulding),"Calvin Harris, Ellie Goulding",2,2023,3,10,5120,48,211050784,161,115,246,9,638,143,A,Major,64,31,87,4,4,8,4,29
Nonsense,Sabrina Carpenter,1,2022,7,15,2346,27,173163401,69,12,38,8,64,139,G#,Major,74,68,68,3,0,26,4,8
Que Vuelvas,"Carin Leon, Grupo Frontera",2,2022,12,9,763,26,1394,21,110,21,9,71,162,A#,Major,49,78,64,19,0,11,4,11
Feliz Cumpleaï¿½ï¿½os Fe,Feid,1,2022,8,19,3430,38,303941129,45,69,52,4,3,95,F,Major,87,57,55,10,0,29,7,24
Can't Hold Us (feat. Ray Dalton),"Ray Dalton, Ryan Lewis, Macklemore",3,2011,8,16,6074,52,168957542,201,44,"6,551",2,0,146,D,Major,63,88,93,3,0,10,8,32
lovely - Bonus Track,"Billie Eilish, Khalid",2,2017,8,11,15032,30,357055642,221,96,"1,078",2,136,115,E,Minor,35,12,30,93,0,10,3,20
"Rauw Alejandro: Bzrp Music Sessions, Vol. 56","Rauw Alejandro, Bizarrap",2,2023,6,21,871,32,66902503,25,59,32,5,88,128,B,Major,78,59,65,10,0,26,5,44
Queencard,(G)I-DLE,1,2023,5,15,451,33,96273746,10,126,7,0,148,130,E,Minor,82,69,83,3,0,27,5,9
OMG,NewJeans,1,2023,1,2,1783,27,430977451,26,124,15,1,22,127,A,Minor,80,74,77,36,0,11,4,3
Radio,Lana Del Rey,1,2011,1,1,9389,46,24633546,24,122,282,3,368,150,D,Major,42,20,86,21,0,9,9,5
"Shakira: Bzrp Music Sessions, Vol. 53","Shakira, Bizarrap",2,2023,1,11,5724,44,721975598,119,108,254,29,22,122,D,Minor,78,50,63,27,0,9,5,37
Trance (with Travis Scott & Young Thug),"Travis Scott, Young Thug, Metro Boomin",3,2022,12,2,1682,46,139510838,24,90,30,1,176,119,C#,Minor,75,48,53,18,0,18,34,39
"Tere Vaaste (From ""Zara Hatke Zara Bachke"")","Sachin-Jigar, Shadab Faridi, Altamash Faridi, Amitabh Bhattacharya, Varun Jain",5,2023,5,22,182,8,54225632,3,88,1,0,52,110,G,Minor,76,96,72,32,0,9,4,43
Perfect,Ed Sheeran,1,2017,1,1,16596,13,387946928,7,0,"2,094",0,0,95,G#,Major,60,17,45,16,0,11,2,7
Romantic Homicide,d4vd,1,2022,7,20,2335,23,344199365,82,55,50,0,9,132,F#,Major,56,20,55,45,1,32,3,17
Believer,Imagine Dragons,1,2017,1,31,18986,23,393177758,250,121,"2,969",10,31,125,A#,Minor,77,74,78,4,0,23,11,8
Novo Balanï¿½,"Veigh, Bvga Beatz, Supernova Ent, Prod Malax",4,2023,5,19,283,7,81102253,6,9,26,1,66,124,D#,Minor,84,65,50,67,0,13,6,13
"Gol Bolinha, Gol Quadrado 2","Mc Pedrinho, DJ 900",2,2023,6,1,293,8,11956641,5,2,30,2,66,133,B,Minor,93,68,65,42,0,12,25,27
Stargirl Interlude,"The Weeknd, Lana Del Rey",2,2016,11,24,1275,32,81920687,13,8,5,0,1,90,F,Minor,59,52,48,38,5,10,11,18
Ojitos Lindos,"Bomba Estï¿½ï¿½reo, Bad B",2,2022,5,6,6135,38,572602033,71,113,99,13,28,80,D#,Minor,65,27,69,8,0,53,4,13
Those Eyes,New West,1,2019,5,10,1507,14,85675996,24,71,44,1,195,120,E,Major,60,24,35,73,0,31,3,10
El Gordo Trae El Mando,Chino Pacas,1,2023,1,27,539,21,255932395,7,71,4,2,13,140,G,Minor,74,96,80,18,0,5,5,22
Mi Bello Angel,Natanael Cano,1,2023,6,30,86,8,31873544,7,76,3,1,93,128,A,Minor,81,90,77,1,0,9,5,14
Nosso Quadro,"Ana Castela, AgroPlay",2,2023,2,2,894,9,233801632,14,88,66,3,72,160,A,Major,69,61,71,33,0,31,20,12
Locked Out Of Heaven,Bruno Mars,1,2012,12,5,1622,9,137472001,0,0,356,0,0,144,F,Major,73,87,70,6,0,28,5,20
Un Finde | CROSSOVER #2,"Big One, FMK, Ke personajes",3,2023,4,4,561,14,142095275,4,14,12,5,56,192,B,Major,50,85,52,11,0,28,6,23
Counting Stars,OneRepublic,1,2013,1,1,29215,43,201688358,179,97,"3,394",11,153,122,C#,Minor,66,48,71,6,0,12,4,14
PRC,"Natanael Cano, Peso Pluma",2,2023,1,23,961,26,436027885,19,143,10,6,15,138,G,Minor,78,89,83,10,0,12,5,3
One Dance,"Drake, WizKid, Kyla",3,2016,4,4,43257,24,363456243,433,107,"3,631",0,26,104,C#,Major,77,36,63,1,0,36,5,9
Enchanted,Taylor Swift,1,2010,1,1,4564,16,50404966,24,101,113,0,40,164,G#,Major,45,24,62,8,0,16,3,9
Sure Thing,Miguel,1,2010,5,25,13801,19,77100557,137,125,435,6,285,81,B,Minor,68,51,60,3,0,19,10,10
The Night We Met,Lord Huron,1,2015,2,2,18515,35,169499577,70,82,939,1,162,174,D,Major,45,10,37,97,25,64,4,16
We Found Love,"Rihanna, Calvin Harris",2,2011,1,1,36843,21,106813354,321,91,"4,607",1,58,128,C#,Major,73,60,77,3,0,11,4,13
Let Me Down Slowly,Alec Benjamin,1,2018,5,25,5897,19,240702476,0,0,885,0,0,150,C#,Minor,65,51,55,73,0,14,3,18
"Am I Dreaming (Metro Boomin & A$AP Rocky, Roisee)","A$AP Rocky, Metro Boomin, Roisee",3,2023,6,2,727,16,94186466,17,60,28,1,44,90,A,Minor,60,13,53,4,0,21,4,49
Do I Wanna Know?,Arctic Monkeys,1,2013,1,1,33783,26,179314465,133,92,"2,733",1,26,85,F,Major,55,42,53,17,0,22,3,16
Demons,Imagine Dragons,1,2012,1,1,26694,13,170789219,65,82,"3,425",4,13,180,D#,Major,33,38,71,20,0,28,5,6
ï¿½ï¿½ï¿½ï¿½ï¿½ï¿½ï¿½ï¿½ï¿½ï¿½ï¿½ï¿½,YOASOBI,1,2023,4,12,356,16,143573775,35,102,8,1,117,166,C#,Major,57,84,94,11,0,37,9,36
Reminder,The Weeknd,1,2016,11,25,6518,17,91693743,45,85,238,1,47,160,G#,Major,71,40,50,16,0,16,22,8
Shake It Off,Taylor Swift,1,2014,1,1,21335,13,121672527,328,70,"1,378",9,20,160,G,Major,65,95,80,5,0,41,16,12
Why'd You Only Call Me When You're High?,Arctic Monkeys,1,2013,1,1,23389,29,127074787,54,70,"1,089",2,1,92,D,Major,70,81,63,4,0,8,4,40
Shape of You,Ed Sheeran,1,2017,1,6,32181,10,539973534,33,0,"6,808",7,0,96,C#,Minor,83,93,65,58,0,9,8,12
Car's Outside,James Arthur,1,2019,10,18,794,10,55324585,38,25,61,0,263,150,A,Major,34,24,56,4,0,11,3,13
Apocalypse,Cigarettes After Sex,1,2017,3,21,13091,17,127583683,61,96,790,2,116,94,F,Major,37,17,47,2,46,11,3,10
Cheques,Shubh,1,2023,5,19,67,8,47956378,7,10,0,0,57,90,E,Minor,74,36,63,26,0,27,5,7
Pink + White,Frank Ocean,1,2016,8,20,21574,30,107995002,112,68,266,1,39,160,A,Major,54,54,55,67,0,42,11,12
Just The Way You Are,Bruno Mars,1,2010,1,1,21106,13,133088705,82,0,"2,946",0,0,109,F,Major,63,46,85,1,0,9,5,20
Take Me To Church,Hozier,1,2013,9,13,23804,31,214091110,187,99,"4,623",1,0,129,E,Minor,57,41,66,63,0,12,5,17
Bebe Dame,"Fuerza Regida, Grupo Frontera",2,2022,12,16,849,22,185494654,27,129,21,7,111,157,G,Major,54,75,60,30,0,7,5,9
You Belong With Me (Taylorï¿½ï¿½ï¿½s Ve,Taylor Swift,1,2021,4,9,2619,12,119137344,47,90,1,0,7,130,F#,Major,63,49,73,5,0,9,3,39
Titi Me Preguntï¿½,Bad Bunny,1,2022,5,6,9037,42,638476761,124,133,139,14,166,107,F,Minor,65,19,72,10,0,13,25,18
Better Than Revenge (Taylor's Version),Taylor Swift,1,2023,7,7,86,11,30343206,3,33,3,0,1,146,B,Minor,50,67,89,0,0,19,8,38
Shut up My Moms Calling,Hotel Ugly,1,2020,2,10,1788,14,104342678,1,50,19,0,19,139,A,Minor,48,37,41,32,0,10,10,23
Es un Secreto,Plan B,1,2010,7,20,492,36,43836852,4,3,19,0,0,95,F#,Minor,84,52,77,12,0,7,4,13
POLARIS - Remix,"Feid, Mora, Saiko, Quevedo",4,2023,6,8,773,33,57312735,20,46,21,8,99,170,G#,Minor,62,55,80,15,0,37,7,15
Ditto,NewJeans,1,2022,12,19,1154,22,200778873,28,125,11,1,51,134,F#,Minor,81,18,64,3,0,10,11,5
"Annihilate (Spider-Man: Across the Spider-Verse) (Metro Boomin & Swae Lee, Lil Wayne, Offset)","Swae Lee, Lil Wayne, Offset, Metro Boomin",4,2023,6,2,551,4,86773632,13,46,20,1,10,146,B,Minor,61,20,48,21,0,12,6,93
"Angel Pt 1 (feat. Jimin of BTS, JVKE & Muni Long)","Kodak Black, NLE Choppa, Muni Long, JVKE, Jimin",5,2023,5,1,577,14,133753727,22,18,15,1,0,74,A#,Minor,53,24,67,11,0,10,28,49
Acrï¿½ï¿½s,Shakira,1,2023,5,11,955,29,123124076,37,50,79,11,31,144,B,Major,75,35,48,84,0,10,12,10
AMG,"Natanael Cano, Gabito Ballesteros, Peso Pluma",3,2022,11,24,995,19,234100226,12,117,9,5,3,136,B,Minor,77,79,73,15,0,27,10,3
"Phir Aur Kya Chahiye (From ""Zara Hatke Zara Bachke"")","Arijit Singh, Sachin-Jigar, Amitabha Bhattacharya",3,2023,5,15,178,6,64533040,6,71,1,0,31,100,E,Major,56,53,55,53,0,12,4,52
S-Class,Stray Kids,1,2023,6,2,290,19,65496046,9,101,5,0,73,105,F,Minor,89,67,78,9,0,7,33,7
Hits Different,Taylor Swift,1,2023,5,26,547,0,68616963,15,15,6,0,0,106,F,Major,67,24,78,15,0,30,4,14
Chanel,"Becky G, Peso Pluma",2,2023,3,30,681,10,161460990,15,92,21,2,26,132,D,Major,85,53,68,40,0,9,4,6
Self Love (Spider-Man: Across the Spider-Verse) (Metro Boomin & Coi Leray),"Metro Boomin, Coi Leray",2,2023,6,2,332,5,70106975,18,41,5,0,19,120,A,Major,78,5,30,21,0,13,5,74
Area Codes,"Kaliii, Kaliii",2,2023,3,17,1197,13,113509496,44,34,25,1,171,155,C#,Major,82,51,39,2,0,9,49,10
Abcdario,"Junior H, Eden Muï¿½ï¿½",2,2023,5,13,262,5,89933133,8,60,4,1,109,129,G#,Major,70,42,43,78,0,11,3,8
Obsessed,"Abhijay Sharma, Riar Saab",2,2022,9,29,161,6,35858593,10,79,2,0,42,135,F,Minor,80,85,74,62,0,8,9,8
Piï¿½ï¿½man Deï¿½,"Semicenk, Doï¿½ï¿½u ",2,2023,6,2,185,3,43522589,5,6,4,1,33,98,A#,Minor,73,45,62,28,0,13,13,17
FLOWER,JISOO,1,2023,3,31,839,18,232896922,20,110,20,0,69,124,A,Minor,84,64,39,3,0,11,4,6
"All The Way Live (Spider-Man: Across the Spider-Verse) (Metro Boomin & Future, Lil Uzi Vert)","Future, Lil Uzi Vert, Metro Boomin",3,2023,6,2,259,0,37126685,5,17,5,0,0,135,A,Minor,77,28,55,18,0,22,15,92
Eyes Closed,Ed Sheeran,1,2023,3,23,2915,30,195576623,116,69,107,3,675,107,D,Major,78,39,53,30,0,11,6,11
Escapism.,"RAYE, 070 Shake",2,2022,10,12,5129,25,268829769,116,84,114,18,348,96,D,Major,54,25,74,14,0,9,11,9
La Jumpa,"Arcangel, Bad Bunny",2,2022,11,30,3794,34,271748082,47,77,53,10,8,123,G#,Major,71,58,70,30,0,32,19,8
Karma (feat. Ice Spice),"Taylor Swift, Ice Spice",2,2023,5,26,588,0,46142772,23,21,31,0,0,90,G#,Major,62,7,62,6,0,58,6,23
Superhero (Heroes & Villains) [with Future & Chris Brown],"Future, Chris Brown, Metro Boomin",3,2022,12,2,2959,16,202523271,41,69,38,0,36,117,F,Minor,72,45,59,14,0,20,21,57
Las Morras,"BLESSD, Peso Pluma",2,2023,4,4,291,8,127026613,8,78,4,1,1,133,A,Minor,78,90,84,31,0,7,4,10
CHORRITO PA LAS ANIMAS,Feid,1,2022,12,2,2321,36,174240956,29,65,34,5,3,96,G#,Minor,74,61,83,11,0,35,6,22
Ch y la Pizza,"Fuerza Regida, Natanael Cano",2,2022,12,1,536,10,145491285,10,72,8,3,14,149,G#,Major,66,85,60,40,0,14,13,13
Snow On The Beach (feat. More Lana Del Rey),"Lana Del Rey, Taylor Swift",2,2023,5,26,359,2,60350538,1,0,9,0,0,110,F#,Minor,66,32,40,81,0,11,3,43
Players,Coi Leray,1,2022,11,30,4096,6,169212709,118,48,143,0,240,105,F#,Major,95,62,52,3,0,5,16,7
Bite Me,ENHYPEN,1,2023,5,22,349,69,76767396,8,96,5,0,56,105,C#,Major,80,69,78,28,0,11,14,7
Stand By Me (feat. Morgan Wallen),"Lil Durk, Morgan Wallen",2,2023,5,26,381,5,46065667,23,82,6,0,113,134,B,Major,76,61,58,6,0,16,3,33
Normal,Feid,1,2022,7,8,2461,36,231934523,47,66,45,5,6,170,E,Minor,71,59,56,4,0,27,12,6
Hummingbird (Metro Boomin & James Blake),"James Blake, Metro Boomin",2,2023,6,2,277,1,39666245,1,20,5,0,1,81,F#,Major,59,26,60,46,1,25,13,40
Seu Brilho Sumiu - Ao Vivo,"Israel & Rodolffo, Mari Fernandez",2,2023,3,1,967,5,138517666,7,29,51,1,29,154,F#,Major,63,75,92,31,0,91,5,26
Bad Habit,Steve Lacy,1,2022,6,29,8186,12,415429990,155,72,131,16,29,169,C#,Major,69,69,51,63,0,38,4,9
CUFF IT,Beyoncï¿½,1,2022,7,29,7842,10,300929775,215,88,330,26,23,115,G,Major,78,64,69,4,0,7,14,7
Lilith (feat. SUGA of BTS) (Diablo IV Anthem),"Halsey, Suga",2,2023,6,5,215,6,51985779,6,14,8,2,4,84,A,Minor,43,14,74,1,0,19,8,45
69,"Nicky Jam, Feid",2,2023,5,18,1134,22,57945987,39,14,48,2,3,93,G#,Major,79,58,62,11,0,11,23,2
Niï¿½ï¿½a Bo,"Sean Paul, Feid",2,2023,4,21,1305,34,115010040,29,26,43,5,44,91,G,Major,82,47,62,10,0,10,15,12
Search & Rescue,Drake,1,2023,4,7,2066,6,175097833,58,70,43,0,182,142,A#,Minor,82,54,44,6,0,33,7,15
AMERICA HAS A PROBLEM (feat. Kendrick Lamar),"Kendrick Lamar, Beyoncï¿½",2,2023,5,19,896,0,57089066,34,2,33,0,1,126,C#,Major,78,20,70,1,0,16,4,44
Lavender Haze,Taylor Swift,1,2022,10,21,3763,8,246635251,51,43,38,10,1,97,A#,Major,73,10,44,26,0,16,8,13
"Link Up (Metro Boomin & Don Toliver, Wizkid feat. BEAM & Toian) - Spider-Verse Remix (Spider-Man: Across the Spider-Verse )","WizKid, Toian, Metro Boomin, Don Toliver, Beam",5,2023,6,2,197,0,32761689,3,10,3,0,0,101,F,Major,92,59,51,41,51,26,8,123
Efecto,Bad Bunny,1,2022,5,6,4004,33,528977252,34,65,43,6,2,98,G,Minor,80,23,48,14,0,6,5,6
Erro Gostoso - Ao Vivo,Simone Mendes,1,2023,1,27,984,5,153454328,8,57,76,2,49,154,F#,Major,59,63,89,18,0,80,9,22
Cupido,Tini,1,2023,2,14,1240,24,217672943,51,29,63,4,54,120,A,Major,91,63,58,52,0,31,22,6
Just Wanna Rock,Lil Uzi Vert,1,2022,10,17,3995,13,230878262,72,27,47,0,0,150,B,Major,49,4,55,7,0,6,3,15
Until I Found You,Stephen Sanchez,1,2021,9,1,4427,4,247003500,69,100,154,20,438,202,A#,Major,34,25,51,69,0,18,4,17
Rich Flex,"Drake, 21 Savage",2,2022,11,4,4657,18,289684579,84,84,42,0,23,153,B,Minor,56,42,52,5,0,36,24,9
Easy On Me,Adele,1,2021,10,14,10195,20,478108458,258,87,657,22,9,142,F,Major,60,13,37,58,0,13,3,10
Cartï¿½ï¿½o B,"MC Caverinha, KayBlack",2,2023,5,11,269,4,71573339,7,2,30,1,11,108,A,Minor,84,55,47,26,0,20,64,13
Danger (Spider) (Offset & JID),"Offset, JID",2,2023,6,2,214,0,24975653,3,3,6,0,0,143,B,Major,83,25,69,4,0,23,12,30
Oi Balde - Ao Vivo,Zï¿½ï¿½ Neto & Crist,1,2023,2,14,845,2,145458418,12,57,47,1,33,108,D,Major,67,55,67,60,0,80,5,18
MERCHO,"Migrantes, LiL CaKe, Nico Valdi",3,2022,12,16,1267,20,116822680,41,22,56,4,84,93,F#,Minor,84,96,79,43,0,18,11,6
The Color Violet,Tory Lanez,1,2021,12,10,2585,32,141426170,3,79,21,1,54,105,F#,Minor,65,46,53,16,0,9,5,16
Glimpse of Us,Joji,1,2022,6,10,6330,6,499200284,109,42,158,3,31,170,G#,Major,44,27,32,89,0,14,5,13
Mejor Que Yo,"Mambo Kingz, DJ Luian, Anuel Aa",3,2023,5,4,675,1,50847624,9,13,11,0,1,178,C#,Minor,62,56,66,18,0,12,5,12
Curtains,Ed Sheeran,1,2023,5,5,715,0,39893489,37,3,27,0,50,176,F#,Minor,50,44,76,10,0,32,5,8
UNFORGIVEN (feat. Nile Rodgers),"Nile Rodgers, LE SSERAFIM",2,2023,5,1,327,13,92035115,14,110,9,0,49,104,E,Minor,80,38,88,11,0,11,5,31
Haegeum,Agust D,1,2023,4,21,244,12,118810253,6,84,10,2,9,85,G,Major,70,83,84,31,0,47,30,7
Conexï¿½ï¿½es de Mï¿½ï¿½fia (feat. Rich ,"Rich The Kid, Matuï¿½",2,2023,4,30,385,4,77233241,17,7,41,1,29,117,F#,Minor,77,69,58,39,0,26,5,40
Never Felt So Alone,Labrinth,1,2023,4,7,1730,3,117747907,46,5,51,0,20,98,F,Major,44,36,41,50,0,38,5,19
X SI VOLVEMOS,"Karol G, Romeo Santos",2,2023,2,2,2127,33,266624541,45,80,53,8,4,178,C#,Minor,79,58,78,34,0,11,25,13
ceilings,Lizzy McAlpine,1,2022,4,8,3242,9,148059382,67,55,48,0,6,148,A,Major,51,27,33,48,0,22,3,8
Cupid,Fifty Fifty,1,2023,2,24,526,10,139681964,15,93,30,0,320,120,D,Major,77,94,66,65,0,38,3,5
I AM,IVE,1,2023,4,10,366,15,123132751,16,102,7,0,55,122,E,Minor,68,38,88,1,0,8,5,4
Shorty Party,"Cartel De Santa, La Kelly",2,2023,3,4,432,12,162887075,8,14,12,2,33,96,D,Major,93,47,47,33,0,10,36,12
Super,SEVENTEEN,1,2023,4,24,271,12,91221625,16,103,9,0,55,137,G#,Major,77,35,88,16,0,17,9,5
Slut Me Out,NLE Choppa,1,2022,4,22,816,4,96197880,21,4,13,0,4,121,F#,Minor,94,71,61,12,0,53,42,11
Double Fantasy (with Future),"The Weeknd, Future",2,2023,4,21,1169,0,96180277,36,65,28,0,0,119,A,Minor,60,10,57,1,0,50,3,28
All Of The Girls You Loved Before,Taylor Swift,1,2019,8,23,1282,6,38544666,26,6,19,0,5,96,D,Major,72,40,47,71,0,13,4,33
PROVENZA,Karol G,1,2022,4,21,6587,34,446972053,114,104,147,11,20,111,C#,Major,87,53,52,66,1,11,5,8
Princess Diana (with Nicki Minaj),"Nicki Minaj, Ice Spice",2,2023,4,14,1444,4,104992946,0,0,0,0,0,148,A,Major,90,74,68,14,0,10,19,33
Di Que Si,"Grupo Marca Registrada, Grupo Frontera",2,2023,2,3,356,10,147290338,4,64,4,2,37,182,A,Major,57,80,59,8,0,6,5,9
Igualito a Mi Apï¿½,"Fuerza Regida, Peso Pluma",2,2022,12,30,265,6,80270217,8,84,5,1,4,145,E,Minor,76,80,81,19,0,6,9,19
Shoong! (feat. LISA of BLACKPINK),"TAEYANG, Lisa",2,2023,4,25,351,9,76910644,16,90,10,0,64,110,B,Minor,76,26,70,1,0,41,6,33
Komang,Raim Laode,1,2022,8,16,158,4,69247536,5,6,1,1,18,134,G,Major,70,35,41,41,0,10,3,6
DESPECHï¿½,ROSALï¿½,1,2022,7,28,7613,33,395096408,180,90,422,15,55,130,G,Major,92,78,62,18,0,6,10,10
Made You Look,Meghan Trainor,1,2022,10,21,3956,6,253800267,142,23,127,3,16,145,A#,Major,84,88,53,35,0,8,7,13
Watch This - ARIZONATEARS Pluggnb Remix,"sped up nightcore, ARIZONATEARS, Lil Uzi Vert",3,2023,2,5,1638,10,207033255,0,0,21,0,0,130,B,Minor,69,36,90,1,10,15,4,39
Punto G,Quevedo,1,2022,11,4,1985,35,192486255,34,26,37,5,1,92,B,Minor,75,55,76,25,0,10,15,7
Lovers Rock,TV Girl,1,2014,6,5,6339,13,50929829,3,1,36,1,37,105,F,Minor,56,57,87,0,1,10,4,11
METAMORPHOSIS,INTERWORLD,1,2021,11,25,1561,24,121585174,18,78,24,0,30,175,G,Minor,59,15,64,43,90,12,10,13
Mami Chula,"Quevedo, Jhayco",2,2023,4,27,875,4,61105704,17,13,27,0,43,120,G,Minor,80,33,70,22,0,9,4,10
En Paris,"El Chachito, Junior H",2,2022,12,24,406,5,100129045,3,31,2,1,0,139,D#,Minor,70,77,48,37,0,12,5,8
I Was Never There,"The Weeknd, Gesaffelstein",2,2018,3,29,4188,15,123534588,30,70,142,0,27,114,A#,Major,32,17,74,14,0,17,3,17
Don't ever say love me (feat. RM of BTS),"RM, Colde",2,2023,5,4,105,0,34502215,5,9,5,0,0,145,B,Minor,54,19,48,36,0,37,5,40
Gato de Noche,"Nengo Flow, Bad Bunny",2,2022,12,22,2651,30,153579842,21,55,32,3,0,94,G#,Major,89,61,66,17,0,36,16,13
Call Out My Name,The Weeknd,1,2018,3,29,11087,6,253873927,151,107,801,1,105,134,C#,Major,45,17,60,21,0,33,4,16
Like Crazy (English Version),Jimin,1,2023,3,24,373,19,173627354,4,72,5,0,5,120,G,Major,62,32,76,0,0,39,4,28
Rosa Pastel,"Jasiel Nuï¿½ï¿½ez, Peso P",2,2023,2,2,200,4,90025258,8,77,2,1,1,123,G,Minor,70,86,68,24,0,11,4,11
Sunroof,"Nicky Youre, Dazy",2,2021,12,3,3741,17,221933793,156,35,110,19,0,131,A#,Major,77,84,71,35,0,15,4,7
Mas Rica Que Ayer,"Mambo Kingz, DJ Luian, Anuel Aa",3,2023,3,2,1208,34,146409671,10,41,20,0,1,94,B,Major,82,53,67,34,0,9,8,17
People Pt.2 (feat. IU),"IU, Agust D",2,2023,4,7,209,4,95816024,4,45,11,2,24,89,G,Minor,73,44,57,39,0,32,6,22
REMIX EXCLUSIVO,Feid,1,2023,3,17,1235,9,117206995,20,8,15,0,6,87,F,Minor,65,71,56,4,0,15,20,15
"Arcï¿½ï¿½ngel: Bzrp Music Sessions, Vol","Arcangel, Bizarrap",2,2023,3,22,654,3,100409613,11,3,18,1,1,124,B,Minor,72,79,78,55,0,15,30,39
DOGTOOTH,"Tyler, The Creator",2,2023,3,27,1479,0,80758350,23,0,18,0,33,78,G#,Major,71,80,65,51,0,22,32,8
10:35,"Tiï¿½ï¿½sto, Tate M",2,2022,11,1,4942,26,164424123,190,104,147,18,63,120,G#,Major,70,70,79,7,0,18,10,5
SORRY NOT SORRY,"Tyler, The Creator",2,2023,3,31,709,0,58473276,8,1,13,0,0,96,F#,Minor,48,50,80,40,0,37,20,15
HAPPY,NF,1,2023,3,25,660,0,52722996,22,7,11,0,78,106,G,Major,73,22,86,31,0,12,4,5
La Bebe,Yng Lvcas,1,2021,12,24,489,17,65265682,4,11,5,1,2,170,D,Minor,78,75,46,62,0,12,35,7
I Know - PR1SVX Edit,"Kanii, PR1ISVX",2,2023,3,24,407,0,77377503,16,15,5,0,1,134,B,Minor,67,11,76,8,47,30,7,20
Late Night Talking,Harry Styles,1,2022,5,20,7461,8,375565150,166,42,199,16,58,115,A#,Major,71,90,73,30,0,11,5,18
Leï¿½,Marï¿½ï¿½lia Mendo,1,2022,12,9,993,4,135233707,30,84,88,1,28,130,F#,Major,74,79,87,45,0,30,3,5
Something in the Orange,Zach Bryan,1,2022,4,22,3282,12,227099320,67,84,46,16,117,110,G,Major,59,22,38,42,0,12,3,23
VOID,Melanie Martinez,1,2023,3,29,596,0,67070410,29,9,12,0,52,100,A,Major,72,42,66,18,4,19,4,4
Dijeron Que No La Iba Lograr,"Fuerza Regida, Chino Pacas",2,2023,3,14,320,6,116334601,5,48,2,1,9,142,G,Minor,70,76,79,26,0,11,7,28
If We Ever Broke Up,Mae Stephens,1,2023,2,10,2040,4,165584767,81,27,66,9,444,116,G,Major,90,96,73,62,0,9,4,19
You Proof,Morgan Wallen,1,2022,5,13,2128,9,185746163,37,88,9,0,14,120,A,Major,73,64,85,25,0,61,3,9
LA INOCENTE,"Feid, Mora",2,2022,4,1,2598,37,240901862,28,57,43,8,85,92,F,Minor,76,46,79,31,0,7,6,11
Malas Decisiones,Kenia OS,1,2022,10,26,542,2,78888397,23,2,21,0,0,110,G#,Minor,81,64,79,5,0,31,3,16
Murder In My Mind,Kordhell,1,2022,1,21,2459,20,226665996,20,68,50,0,22,120,A#,Major,71,57,97,1,0,13,11,17
CAIRO,"Karol G, Ovy On The Drums",2,2022,11,13,2418,26,148647783,52,66,55,1,16,115,F,Minor,95,43,69,47,0,9,31,5
I Love You So,The Walters,1,2014,11,28,7536,7,106196480,44,19,135,0,6,76,A#,Major,58,46,67,65,0,13,4,13
Dark Red,Steve Lacy,1,2017,2,20,10431,7,139451003,71,53,181,0,10,172,F#,Major,60,77,78,45,0,12,6,8
Say You Won't Let Go,James Arthur,1,2016,9,9,15722,16,324155105,231,37,"1,509",0,13,99,A#,Major,40,45,56,69,0,9,5,20
Heart To Heart,Mac DeMarco,1,2019,5,10,1640,0,50908330,27,27,29,1,1,150,G#,Minor,90,64,14,67,35,11,10,14
Peaches (from The Super Mario Bros. Movie),Jack Black,1,2023,4,7,34,0,68216992,0,0,0,0,0,92,A#,Minor,71,41,31,79,0,10,5,42
Marisola - Remix,"Duki, NICKI NICOLE, Cris Mj, Standly, Stars Music Chile",5,2022,12,15,1845,16,112909158,20,8,30,2,0,95,C#,Major,77,72,87,17,0,7,5,16
LOKERA,"Brray, Rauw Alejandro, Lyanno",3,2022,7,25,3301,30,238268902,72,64,64,6,3,102,B,Minor,83,58,83,21,0,10,5,6
on the street (with J. Cole),"j-hope, J. Cole",2,2023,3,3,615,2,116599790,22,82,8,0,9,94,B,Minor,68,81,82,53,0,9,13,28
One Thing At A Time,Morgan Wallen,1,2022,12,2,811,4,74977038,11,58,5,0,21,142,G,Major,61,92,91,0,0,26,3,19
Miss You,"Robin Schulz, Oliver Tree",2,2022,8,5,5730,10,251098711,108,16,197,3,165,145,F#,Minor,59,20,74,1,0,15,5,8
Ainï¿½ï¿½ï¿½t Tha,Morgan Wallen,1,2023,3,3,356,4,88791109,4,20,0,0,0,121,F#,Minor,64,67,80,0,0,36,3,17
Thinkinï¿½ï¿½ï¿½ B,Morgan Wallen,1,2023,3,3,604,6,125917280,22,101,0,0,66,140,D#,Minor,66,43,76,49,0,12,3,18
Private Landing (feat. Justin Bieber & Future),"Don Toliver, Future, Justin Bieber",3,2023,2,23,1190,0,105062254,29,3,18,0,19,137,C#,Minor,84,44,67,8,0,11,6,46
Everything I Love,Morgan Wallen,1,2023,1,31,579,0,95623148,11,54,0,0,103,104,G#,Major,56,72,85,0,0,15,3,17
Heaven,Niall Horan,1,2023,2,17,1553,2,144584800,61,6,48,0,150,92,F,Major,57,68,76,7,0,33,3,6
LET GO,Central Cee,1,2022,12,15,2301,20,150522143,49,23,110,0,8,146,D,Minor,74,51,45,86,0,21,38,6
Sial,Mahalini,1,2023,1,23,134,4,166570053,4,6,0,0,23,120,D,Major,56,20,43,89,0,12,4,4
I Wrote The Book,Morgan Wallen,1,2023,1,31,430,0,83021468,15,17,0,0,0,144,D,Major,68,83,81,9,0,8,4,16
"Apna Bana Le (From ""Bhediya"")","Arijit Singh, Sachin-Jigar",2,2022,11,5,86,0,70617184,11,101,0,0,48,94,A,Major,59,44,56,80,0,6,3,29
SPIT IN MY FACE!,ThxSoMch,1,2022,10,31,629,14,153124177,32,3,9,0,0,94,G#,Major,73,65,79,5,2,11,6,16
PLAYA DEL INGLï¿½,"Myke Towers, Quevedo",2,2022,12,15,1701,15,111811842,30,15,34,2,47,113,G,Minor,79,66,74,8,0,11,5,17
Man Made A Bar (feat. Eric Church),"Morgan Wallen, Eric Church",2,2023,3,3,329,0,58890931,14,35,1,0,0,148,E,Major,50,49,76,12,0,12,3,34
Red Ruby Da Sleeze,Nicki Minaj,1,2023,3,3,1168,0,81419389,45,11,20,0,21,98,C#,Major,70,29,73,12,0,11,26,18
Kahani Suno 2.0,Kaifi Khalil,1,2022,5,31,162,6,79172568,1,10,1,0,1,140,B,Major,58,26,38,91,0,10,4,15
Nobody Gets Me,SZA,1,2022,12,9,2536,6,143878652,59,100,58,13,2,100,G,Major,36,28,28,81,0,18,3,14
PERO Tï¿½,"Karol G, Quevedo",2,2023,2,23,387,11,93438910,11,15,14,3,1,140,F#,Major,86,68,79,39,0,11,29,9
Hype Boy,NewJeans,1,2022,8,1,892,17,183553626,20,119,12,2,7,100,E,Minor,59,78,94,27,0,29,23,8
Bloody Mary,Lady Gaga,1,2011,1,1,3909,0,32214796,66,26,277,3,734,100,A,Minor,59,49,65,2,0,13,3,11
ï¿½ï¿½ï¿½98 Braves,Morgan Wallen,1,2023,3,3,282,0,56533272,6,15,0,0,0,142,D,Major,49,48,67,10,0,26,3,18
WANDA,Quevedo,1,2023,1,20,888,22,175399345,11,24,7,1,7,176,E,Minor,72,96,63,25,0,21,7,5
Thought You Should Know,Morgan Wallen,1,2022,5,6,968,4,102626807,16,53,1,0,61,140,F#,Major,53,51,70,49,0,14,3,23
Zona De Perigo,Leo Santana,1,2022,12,8,531,4,67818699,20,1,71,2,0,135,F,Major,81,97,77,75,0,35,3,14
Lovezinho,Treyce,1,2022,7,28,242,0,35385209,12,2,13,0,4,128,E,Minor,82,61,59,30,0,12,4,9
I Like You (A Happier Song) (with Doja Cat),"Post Malone, Doja Cat",2,2022,6,3,5281,14,307693069,94,21,80,15,38,101,F,Major,74,43,69,12,0,12,7,43
Neverita,Bad Bunny,1,2022,5,6,2590,30,339039698,20,64,35,6,0,122,A#,Major,88,43,50,7,0,14,5,8
Sem Alianï¿½ï¿½a no ,"MC Xenon, Os Gemeos da Putaria",2,2022,12,23,454,4,47261755,6,1,21,0,1,83,C#,Major,53,40,36,73,0,11,33,20
Enemy (with JID) - from the series Arcane League of Legends,"Imagine Dragons, League of Legends, JID, Arcane",4,2021,9,3,6180,7,416010232,122,88,580,21,10,77,B,Minor,72,59,76,24,0,42,28,59
Revenge,XXXTENTACION,1,2017,8,25,3600,11,154943323,7,0,203,0,2,140,B,Minor,75,18,25,78,0,11,26,7
Bombonzinho - Ao Vivo,"Israel & Rodolffo, Ana Castela",2,2022,11,3,1254,6,133043877,26,69,73,2,6,158,C#,Major,65,72,95,31,0,92,5,21
LA CANCIï¿½,"J Balvin, Bad Bunny",2,2019,6,28,6398,31,298619781,177,109,305,3,5,176,G,Major,75,43,65,15,0,11,32,11
Quï¿½ï¿½ Ago,"Yuridia, Angela Aguilar",2,2022,10,20,660,15,119612802,19,59,18,5,52,98,B,Major,73,88,57,56,0,5,2,12
Love Again,The Kid Laroi,1,2023,1,27,1283,0,147538971,57,4,48,0,0,107,B,Minor,66,47,40,72,0,11,3,10
After Hours,The Weeknd,1,2020,2,19,8084,6,179791556,45,115,218,1,221,109,F,Minor,66,16,57,10,1,12,3,11
About Damn Time,Lizzo,1,2022,7,15,2332,2,365566588,0,0,25,0,0,109,A#,Minor,84,72,74,10,0,34,7,15
ï¿½ï¿½ï¿½ï¿½ï¿½ï¿½ï¿½ï¿½ï¿½ï¿½ï¿½ï¿½ï¿½ï¿½ï¿½ï¿½ï¿½ï¿½ï¿½ï¿½ï¿½,Fujii Kaze,1,2020,5,20,685,14,103817442,24,94,9,0,23,158,F#,Minor,60,52,76,17,0,19,5,63
Besos Moja2,"Wisin & Yandel, ROSALï¿½",2,2022,9,29,2460,13,156289353,53,7,56,3,1,94,F,Minor,74,64,73,6,0,10,6,11
Maan Meri Jaan,King,1,2022,10,12,288,6,161381214,11,80,1,0,8,96,F#,Minor,70,40,51,35,0,10,4,14
Moscow Mule,Bad Bunny,1,2022,5,6,4572,33,459045856,74,113,85,9,2,100,F,Minor,80,29,67,29,0,12,3,11
My Universe,"Coldplay, BTS",2,2021,9,24,6127,13,361091739,0,0,0,0,0,105,A,Major,58,42,68,1,0,14,4,11
LLYLM,ROSALï¿½,1,2023,1,27,1838,0,124988687,105,41,114,1,59,170,F#,Minor,56,56,63,13,0,19,27,5
TRUSTFALL,P!nk,1,2023,1,27,2098,16,134255790,88,24,101,7,451,122,G#,Major,64,25,89,0,0,15,9,9
ANTIFRAGILE,LE SSERAFIM,1,2022,10,17,761,12,152031068,23,95,11,0,3,105,A#,Minor,88,82,80,8,0,11,8,11
Boy's a liar,PinkPantheress,1,2022,11,30,1225,0,78950979,27,0,28,13,0,133,F,Major,66,74,84,25,0,21,4,12
Shirt,SZA,1,2022,10,28,3469,0,156375209,71,95,31,0,2,120,D#,Minor,82,55,45,15,3,9,10,5
Lift Me Up - From Black Panther: Wakanda Forever - Music From and Inspired By,Rihanna,1,2022,10,28,3311,0,150151075,129,31,212,1,41,177,A,Major,25,17,30,90,0,13,3,77
STAR WALKIN' (League of Legends Worlds Anthem),Lil Nas X,1,2022,9,22,2616,0,167915653,113,17,208,0,192,142,D,Minor,64,31,72,15,0,9,5,46
"Sex, Drugs, Etc.",Beach Weather,1,2016,11,4,3006,16,64350876,47,60,87,12,124,144,E,Minor,57,47,84,1,1,52,4,16
Boy With Luv (feat. Halsey),"Halsey, BTS",2,2019,4,12,4260,0,221724798,113,92,259,0,1,120,B,Minor,65,80,86,9,0,19,10,27
"Hey, Mickey!",Baby Tate,1,2016,9,27,482,0,16440862,9,1,12,4,3,135,D,Major,92,73,51,55,0,15,6,12
Jhoome Jo Pathaan,"Arijit Singh, Vishal Dadlani, Sukriti Kakar, Vishal-Shekhar, Shekhar Ravjiani, Kumaar",6,2022,12,22,138,4,689417,13,78,2,0,0,105,G,Major,82,62,74,10,0,33,7,17
Escapism. - Sped Up,"RAYE, 070 Shake",2,2022,11,25,1368,0,93075889,12,1,11,0,8,108,F#,Minor,44,38,77,9,0,9,20,19
Te Felicito,"Shakira, Rauw Alejandro",2,2022,4,21,4796,9,306212551,124,66,212,13,1,174,F,Major,70,57,64,23,0,8,32,11
Muï¿½ï¿½,"Steve Aoki, Tini, La Joaqui",3,2023,1,12,658,6,120972253,33,7,53,2,0,90,A#,Minor,68,83,71,3,0,31,8,8
TV,Billie Eilish,1,2022,7,21,3009,2,170975258,68,89,65,0,25,141,E,Minor,41,9,25,84,1,14,4,2
I'm Not The Only One,Sam Smith,1,2014,1,1,17492,3,175542593,136,24,"1,959",0,30,82,F,Major,68,50,49,56,0,8,4,20
Heather,Conan Gray,1,2020,3,20,6170,7,335277577,82,1,231,0,2,92,F,Major,47,25,43,62,0,32,3,7
"Besharam Rang (From ""Pathaan"")","Vishal-Shekhar, Shilpa Rao, Caralisa Monteiro, Kumaar, Vishal Dadlani, Shekhar Ravjiani",6,2022,12,12,130,4,70794420,21,79,2,0,0,116,G#,Minor,77,65,80,6,0,15,4,30
Sugar Rush Ride,TOMORROW X TOGETHER,1,2023,1,27,359,0,107642809,12,56,13,0,13,125,A#,Minor,71,83,89,1,0,17,9,15
WAIT FOR U (feat. Drake & Tems),"Drake, Future, Tems",3,2022,4,27,5491,14,281075468,128,84,75,0,35,83,C#,Major,46,34,64,31,0,7,34,31
Don't Start Now,Dua Lipa,1,2019,10,31,27119,0,479212807,532,77,"1,535",3,8,124,B,Minor,79,68,79,1,0,10,8,15
After Dark,Mr.Kitty,1,2014,8,8,1776,14,70664046,1,9,3,0,0,140,G#,Major,58,4,60,7,41,8,3,10
MIDDLE OF THE NIGHT,Elley Duhï¿½,1,2020,1,10,4057,8,224618226,78,21,240,1,52,186,E,Minor,41,9,61,2,0,12,5,19
Atlantis,Seafret,1,2015,4,22,3045,6,68683436,43,53,134,1,32,166,G#,Minor,40,23,48,5,0,12,3,8
Evoque Prata,"DJ Escobar, MC MENOR SG, MC MENOR HR",3,2022,9,9,852,0,87873469,14,1,50,0,0,87,G,Major,87,52,52,31,0,28,24,12
How Do I Say Goodbye,Dean Lewis,1,2022,8,5,2163,15,143816793,72,97,58,0,154,82,G#,Major,40,39,64,21,0,7,7,20
Blind,SZA,1,2022,12,9,1484,0,82458392,22,51,12,0,0,114,A,Minor,46,60,28,91,0,21,4,5
Die For You,Joji,1,2022,11,4,1703,0,124426943,38,45,36,16,0,148,G#,Major,47,15,52,38,13,29,5,11
Doja,Central Cee,1,2022,7,20,4169,44,243539934,57,44,183,1,11,140,F#,Major,91,97,57,38,0,40,29,4
Gatita,Bellakath,1,2022,10,3,1054,0,85185656,9,0,15,0,1,101,G,Major,90,76,81,15,24,33,6,6
Rumble,"Skrillex, Flowdan, Fred again..",3,2022,1,17,2849,0,39637345,39,45,27,0,1,140,C#,Minor,81,6,84,5,23,6,6,6
Niagara Falls (Foot or 2) [with Travis Scott & 21 Savage],"Travis Scott, 21 Savage, Metro Boomin",3,2022,12,2,1602,0,98735861,12,22,12,0,2,88,G,Minor,49,24,66,19,0,18,29,57
Yonaguni,Bad Bunny,1,2021,6,4,9644,28,428629579,120,86,164,4,0,180,C#,Major,64,44,65,28,0,14,12,8
Super Freaky Girl,Nicki Minaj,1,2022,8,12,4827,0,216486196,104,17,76,9,2,133,D,Major,95,91,89,6,0,31,24,17
Limbo,Freddie Dredd,1,2022,8,11,688,0,100690016,14,1,17,0,2,75,B,Minor,80,46,62,3,6,11,46,5
Where Are You Now,"Lost Frequencies, Calum Scott",2,2021,7,30,10565,44,330674451,238,122,557,17,58,121,F#,Minor,67,26,64,52,0,17,10,17
WORTH NOTHING,"Twisted, Oliver Tree",2,2022,9,28,1612,0,107786447,34,54,34,0,2,140,D,Minor,58,17,62,18,0,20,8,13
KICK BACK,Kenshi Yonezu,1,2022,10,12,574,4,106069575,38,101,26,0,0,102,C#,Major,58,29,94,0,0,9,11,9
Evergreen (You Didnï¿½ï¿½ï¿½t Deserve Me A,Omar Apollo,1,2022,4,8,2499,0,115098894,70,0,49,0,0,82,A,Major,70,31,34,60,1,11,4,42
Good Days,SZA,1,2020,12,24,10426,2,212896225,133,109,182,1,10,121,C#,Minor,46,53,78,23,0,72,6,9
Levitating (feat. DaBaby),"Dua Lipa, DaBaby",2,2020,3,27,15894,8,464236191,198,13,544,0,60,103,F#,Minor,70,92,83,1,0,7,6,25
Shut up My Moms Calling - (Sped Up),Hotel Ugly,1,2022,9,14,713,7,91824691,2,4,6,0,0,85,F,Minor,65,36,47,31,0,12,10,35
Ferrari,"James Hype, Miggy Dela Rosa",2,2022,3,14,7758,28,233709680,173,79,175,0,168,125,C#,Minor,84,70,69,1,0,5,5,7
"You're On Your Own, Kid",Taylor Swift,1,2022,10,21,2537,2,176066779,8,18,20,0,1,120,D,Major,69,40,39,41,0,13,6,23
It's Beginning To Look A Lot Like Christmas,Michael Bublï¿½,1,2011,10,14,12353,0,69844544,35,0,549,0,0,93,E,Major,35,38,23,91,0,29,3,43
Underneath the Tree,Kelly Clarkson,1,2013,10,25,6596,0,48659320,144,99,251,0,0,160,G#,Major,51,69,81,0,0,21,5,19
Holly Jolly Christmas,Michael Bublï¿½,1,2011,10,14,7655,0,41189535,5,0,291,0,0,151,G,Major,65,70,47,87,0,9,4,21
Mistletoe,Justin Bieber,1,2011,1,1,9577,0,54416019,195,111,310,0,0,162,F#,Minor,67,88,54,51,0,9,4,9
Seek & Destroy,SZA,1,2022,12,9,1007,0,49848194,5,31,1,0,0,152,C#,Major,65,35,65,44,18,21,7,14
Love Language,SZA,1,2022,12,9,1127,0,55978752,16,63,8,0,0,65,A,Minor,71,55,26,85,0,13,8,13
Used (feat. Don Toliver),"SZA, Don Toliver",2,2022,12,8,1042,0,47472906,7,29,3,0,0,150,A#,Minor,73,71,69,53,0,32,9,24
Ghost in the Machine (feat. Phoebe Bridgers),"SZA, Phoebe Bridgers",2,2022,12,9,1634,0,55586972,16,20,4,0,0,125,F#,Major,62,59,43,84,3,11,5,44
SOS,SZA,1,2022,12,9,827,0,37360540,6,18,1,0,0,119,G,Minor,51,51,66,67,0,9,23,3
Open Arms (feat. Travis Scott),"SZA, Travis Scott",2,2022,12,8,1420,4,78605212,13,87,17,0,46,78,A,Major,67,22,59,76,1,15,16,30
Gone Girl,SZA,1,2022,12,9,892,0,33008197,3,17,2,0,0,150,F,Major,43,42,44,57,0,15,6,9
F2F,SZA,1,2022,12,9,989,0,34107772,5,9,1,0,0,90,D,Major,53,47,74,9,0,34,4,3
Notice Me,SZA,1,2022,12,9,819,0,31319622,14,22,0,0,0,160,F,Major,72,78,68,28,0,11,12,9
Antidepresan,"Mabel Matiz, Mert Demir",2,2022,11,4,313,2,69028199,10,6,7,1,9,100,B,Minor,70,92,59,3,0,10,3,12
Wild Flower (with youjeen),RM,1,2022,12,2,353,2,68483745,2,74,14,0,2,155,G#,Major,49,42,77,3,0,12,9,26
I Hate U,SZA,1,2021,12,3,4094,0,121289132,66,96,43,0,0,107,G,Minor,54,41,39,51,0,11,16,8
Raindrops (Insane) [with Travis Scott],"Travis Scott, Metro Boomin",2,2022,12,2,880,0,55878227,3,7,10,0,0,112,G#,Major,80,15,54,9,0,38,5,38
SPIT IN MY FACE!,ThxSoMch,1,2022,10,31,573,0,152444225,1,0,18,0,24,166,C#,Major,70,57,57,9,20,11,7,16
Smoking on my Ex Pack,SZA,1,2022,12,9,811,0,28857941,6,11,3,0,0,81,G#,Major,47,33,68,24,0,22,38,21
Conceited,SZA,1,2022,12,9,899,0,28719688,2,14,2,0,0,150,C#,Major,79,77,46,5,0,11,7,9
Snow On The Beach (feat. Lana Del Rey),"Taylor Swift, Lana Del Rey",2,2022,10,21,2415,0,163335729,33,57,30,0,11,110,A,Major,66,19,32,69,0,12,4,38
Maroon,Taylor Swift,1,2022,10,21,2304,0,160451748,12,16,14,0,0,108,G,Major,64,4,40,6,0,10,6,6
Tubarï¿½ï¿½o Te,"Dj LK da Escï¿½ï¿½cia, Tchakabum, mc jhenny, M",4,2022,9,28,1003,0,58652872,21,0,44,0,0,130,E,Minor,89,48,74,30,0,7,36,15
Bejeweled,Taylor Swift,1,2022,10,21,2699,0,165744837,39,35,22,2,0,164,G,Major,70,39,56,6,0,9,7,9
Tarot,"Bad Bunny, Jhay Cortez",2,2022,5,6,2482,20,307155365,27,77,22,2,0,114,B,Minor,80,42,68,2,0,66,4,5
Desesperados,"Chencho Corleone, Rauw Alejandro",2,2021,6,25,6821,34,275181981,83,58,128,7,0,90,C#,Minor,87,51,69,36,0,9,8,12
Too Late,SZA,1,2022,12,8,714,0,24877787,0,9,2,0,0,128,B,Major,45,35,68,78,0,39,8,8
Party,"Bad Bunny, Rauw Alejandro",2,2022,5,6,3185,4,310350213,38,64,37,3,36,97,A,Major,83,47,80,2,0,24,9,5
Far,SZA,1,2022,12,9,680,0,26079042,2,15,1,0,0,116,D,Major,61,48,55,67,0,16,8,3
On Time (with John Legend),"John Legend, Metro Boomin",2,2022,12,2,398,0,39460660,2,2,6,0,2,80,F,Minor,33,51,59,76,0,44,6,26
GATï¿½ï¿½,"Maldy, Karol G",2,2022,8,25,3328,13,162779715,39,50,57,3,1,93,B,Minor,63,34,86,26,0,21,39,9
Is There Someone Else?,The Weeknd,1,2022,1,7,2881,6,197581875,13,89,34,0,3,135,A,Minor,70,60,58,4,0,16,3,22
Fingers Crossed,"Lauren Spencer Smith, Lauren Spencer Smith, Lauren Spencer Smith",3,2022,1,5,2235,0,176540664,65,7,70,16,6,109,F,Major,60,45,47,62,0,31,5,15
Do It To It,"Cherish, ACRAZE",2,2021,8,20,12403,0,229437491,183,63,465,0,11,125,B,Minor,85,64,81,2,5,7,9,11
How Do I Make You Love Me?,The Weeknd,1,2022,1,7,1915,0,60215329,7,47,15,0,0,121,G,Minor,80,62,51,2,0,9,8,26
Gasoline,The Weeknd,1,2022,1,7,2297,0,59036287,11,29,14,0,0,123,F#,Minor,74,35,73,0,0,21,5,8
Infinity,Jaymes Young,1,2017,6,23,4375,0,134600972,24,0,396,0,0,122,B,Minor,67,50,67,15,0,30,4,8
Take My Breath,The Weeknd,1,2021,8,6,2597,0,44425818,17,80,38,0,0,121,A#,Minor,70,35,77,1,0,26,4,14
"Here We Goï¿½ï¿½ï¿½ Again (feat. Tyler, the Cr","The Weeknd, Tyler, The Creator",3,2022,1,7,1420,0,44492428,7,18,7,0,0,135,C#,Major,41,27,64,36,0,60,3,46
Best Friends,The Weeknd,1,2022,1,7,1292,0,51063050,3,18,14,0,0,87,E,Minor,49,49,59,44,0,35,21,12
Kiss Me More (feat. SZA),"SZA, Doja Cat",2,2021,4,9,15867,0,535693090,382,65,497,0,12,111,G#,Major,77,74,66,30,0,13,3,24
I Heard You're Married (feat. Lil Wayne),"The Weeknd, Lil Wayne",2,2022,1,7,1178,0,46286277,9,10,9,0,0,110,D,Major,75,85,84,10,0,31,19,40
Dawn FM,The Weeknd,1,2022,1,7,811,0,27236421,1,8,6,0,0,78,A,Minor,27,10,49,62,0,49,5,7
Surface Pressure,Jessica Darrow,1,2021,11,19,1756,0,91043733,38,48,20,0,0,180,D,Major,65,37,58,2,0,4,31,16
Starry Eyes,The Weeknd,1,2022,1,7,1014,0,37673722,1,17,11,0,0,86,A,Minor,28,13,41,50,0,19,3,11
THATS WHAT I WANT,Lil Nas X,1,2021,9,17,7963,0,313091095,173,7,298,0,4,88,C#,Minor,74,55,85,1,0,5,22,17
One Right Now (with The Weeknd),"The Weeknd, Post Malone",2,2021,11,5,4771,0,183474143,68,18,75,0,1,97,C#,Major,68,72,78,4,0,7,5,31
Beggin,Mï¿½ï¿½ne,1,2017,12,8,8559,0,207318557,183,64,964,9,75,134,B,Minor,71,59,80,13,0,36,5,6
Mon Amour - Remix,"Aitana, zzoilo",2,2020,9,21,3221,2,148916994,67,13,139,0,40,116,D,Major,75,36,76,12,0,10,10,17
Lo Siento BB:/ (with Bad Bunny & Julieta Venegas),"Julieta Venegas, Bad Bunny, Tainy",3,2021,10,5,3423,26,263701192,61,65,53,6,0,170,E,Minor,64,14,70,9,0,9,8,49
The Motto,"Tiï¿½ï¿½sto, Ava",2,2021,11,4,9151,6,223059015,240,107,268,0,5,118,G,Minor,75,46,76,3,0,9,4,9
Malvadï¿½ï¿½,"Xamï¿½ï¿½, Gustah, Neo B",3,2021,11,30,648,1,81837953,14,3,81,0,0,133,F#,Minor,82,52,61,38,0,14,27,12
Donï¿½ï¿½ï¿½t Break My,The Weeknd,1,2022,1,7,1184,0,32220771,1,5,6,0,0,122,A#,Major,77,25,62,34,0,23,3,22
Oh My God,Adele,1,2021,11,19,4431,0,158523159,105,7,199,0,0,88,C#,Major,53,55,73,9,0,3,5,9
Entre Nosotros (Remix) [con Nicki Nicole],"Lit Killah, Maria Becerra, Tiago pzk, NICKI NICOLE",4,2022,1,5,759,3,119654902,32,0,12,0,0,170,F,Minor,70,61,44,40,0,37,4,41
A Tale By Quincy,The Weeknd,1,2022,1,7,733,0,21171848,0,2,2,0,0,94,F,Minor,46,55,50,71,0,10,11,16
I AM WOMAN,Emmy Meli,1,2021,11,18,2795,0,76593031,45,0,107,0,0,170,A#,Major,65,46,47,12,0,13,16,10
Medallo,"Justin Quiles, Lenny Tavï¿½ï¿½rez, BL",3,2021,10,27,2780,2,133706849,54,21,57,1,0,90,E,Minor,79,79,70,57,0,66,8,7
It'll Be Okay,Shawn Mendes,1,2021,12,1,1950,0,97654599,56,8,104,0,10,78,G,Major,40,7,29,62,0,9,3,13
Softcore,The Neighbourhood,1,2018,3,9,3947,12,105025571,33,102,93,0,30,94,D,Major,57,36,58,5,0,15,3,8
Super Gremlin,Kodak Black,1,2021,10,30,2551,0,116552469,52,15,35,0,1,73,D,Major,83,11,41,0,0,36,14,13
Volvï¿½,"Aventura, Bad Bunny",2,2021,8,3,5375,10,229107055,138,24,133,0,1,176,C#,Major,73,79,86,42,0,7,18,7
Todo De Ti,Rauw Alejandro,1,2020,11,2,11975,8,300983066,188,75,268,6,16,128,D#,Minor,81,57,63,40,1,10,4,10
Smokin Out The Window,"Bruno Mars, Anderson .Paak, Silk Sonic",3,2021,11,5,4963,0,130415402,63,40,76,0,0,82,D,Major,63,85,62,6,0,35,4,21
Meet Me At Our Spot,"THE ANXIETY, Willow, Tyler Cole",3,2020,3,13,6734,0,136632758,47,14,90,0,1,95,D,Major,77,40,47,2,0,9,3,19
Tacones Rojos,Sebastian Yatra,1,2021,10,22,3047,9,173709242,77,31,85,5,28,123,B,Minor,75,93,86,8,0,14,3,13
Dakiti,"Bad Bunny, Jhay Cortez",2,2020,10,30,11215,21,454152987,189,166,525,9,25,110,E,Minor,73,14,57,40,0,11,5,6
"Tiago PZK: Bzrp Music Sessions, Vol. 48","Bizarrap, Tiago pzk",2,2021,12,29,1678,12,127233253,20,4,15,1,3,96,C#,Minor,66,76,82,47,0,10,32,39
Lï¿½ï¿½ï¿½,Stromae,1,2022,1,9,2035,0,54948572,41,122,394,0,2,88,D,Minor,56,58,55,35,0,23,11,10
Nostï¿½ï¿½l,"Chris Brown, Rvssian, Rauw Alejandro",3,2021,9,8,2780,2,148485929,86,76,59,0,16,98,A,Minor,73,60,85,17,0,24,5,11
Sad Girlz Luv Money Remix (feat. Kali Uchis),"Kali Uchis, Amaarae, Moliy",3,2021,9,16,3643,0,120389887,69,3,70,0,3,110,C#,Minor,86,31,53,43,0,11,6,44
Butter,BTS,1,2021,5,21,4779,6,388865164,180,135,223,0,5,110,G#,Major,79,70,36,0,0,6,11,6
pushin P (feat. Young Thug),"Young Thug, Future, Gunna",3,2022,1,7,3517,0,157254495,54,28,43,0,0,78,C#,Minor,77,49,42,1,1,13,19,27
You Right,"Doja Cat, The Weeknd",2,2021,6,24,5073,0,228717772,83,9,100,0,4,129,G#,Major,83,44,62,2,0,8,6,9
deja vu,Olivia Rodrigo,1,2021,4,1,7545,4,427366792,117,39,141,0,46,181,A,Major,44,22,60,61,0,42,9,7
TO THE MOON,Jnr Choi,1,2021,11,5,2979,0,83337855,44,0,159,0,0,144,D,Major,74,39,65,5,1,11,35,11
Lost in the Fire,"The Weeknd, Gesaffelstein",2,2019,1,11,7731,2,142894939,110,145,447,0,46,101,D,Major,66,18,68,9,0,12,4,16
Salimo de Noche,"Trueno, Tiago pzk",2,2021,10,21,1057,0,88886511,17,5,21,0,0,84,D,Major,67,78,63,29,0,12,5,15
Volando - Remix,"Sech, Bad Bunny, Mora",3,2021,7,8,3272,19,207428795,101,34,70,1,2,154,F#,Major,66,63,69,21,0,11,7,15
Leave The Door Open,"Bruno Mars, Anderson .Paak, Silk Sonic",3,2021,3,5,14417,0,379423788,237,123,569,0,10,148,F,Major,59,72,62,18,0,9,3,19
Knife Talk (with 21 Savage ft. Project Pat),"Drake, Project Pat, 21 Savage",3,2021,9,3,5199,0,202137159,45,43,45,0,3,146,F,Minor,85,22,37,13,0,7,30,43
Don't Be Shy,"Tiï¿½ï¿½sto, Kar",2,2021,8,1,6026,0,192776959,171,51,187,1,21,120,B,Minor,77,51,79,20,0,26,6,12
The Family Madrigal,"Olga Merediz, Stephanie Beatriz, Encanto - Cast",3,2021,11,19,1150,0,62882657,20,38,12,0,0,141,C#,Major,59,56,63,12,0,6,36,19
Phantom Regret by Jim,The Weeknd,1,2022,1,7,768,0,16139578,1,1,3,0,0,108,A,Minor,46,23,48,75,30,14,4,21
Freaks,Surf Curse,1,2015,5,10,3006,3,99099344,23,21,121,0,13,180,A,Major,35,41,94,0,63,5,5,6
Acapulco,Jason Derulo,1,2021,9,1,3098,0,123586913,111,5,182,1,0,122,A#,Major,77,51,79,5,0,16,5,8
Daddy Issues,The Neighbourhood,1,2015,10,30,9771,4,135527200,42,70,384,0,3,85,A#,Major,59,33,52,7,15,12,3,12
thought i was playing,"21 Savage, Gunna",2,2022,1,7,807,0,30643864,3,0,5,0,0,148,C#,Major,68,29,73,0,0,7,7,21
ELEVEN,IVE,1,2021,12,1,521,1,84236296,17,89,11,0,0,120,A,Major,83,59,73,6,0,5,11,6
What Else Can I Do?,"Stephanie Beatriz, Diane Guerrero",2,2021,11,19,802,0,52634646,13,27,8,0,0,120,E,Major,72,54,71,26,0,10,4,19
Miserable Man,David Kushner,1,2022,1,7,788,0,62825732,13,0,32,1,0,110,A#,Major,63,31,35,93,0,29,3,13
happier,Olivia Rodrigo,1,2021,5,21,3069,4,289225362,25,46,105,0,45,169,F#,Major,39,36,45,81,0,8,13,7
Praise God,Kanye West,1,2021,8,29,4651,0,127961425,24,6,105,0,0,118,C#,Major,80,21,55,1,0,26,17,10
Get Into It (Yuh),Doja Cat,1,2021,6,25,4999,0,175718026,43,19,73,12,0,92,G#,Minor,91,79,66,32,0,9,16,17
Before You Go,Lewis Capaldi,1,2019,11,1,8327,24,334600306,205,130,625,0,25,112,D#,Major,45,19,60,63,0,9,6,13
Sky,Playboi Carti,1,2020,12,25,3297,3,130520505,25,3,52,0,1,140,D,Major,79,56,91,26,0,13,21,3
Rolling in the Deep,Adele,1,2010,11,29,35684,6,119416256,195,125,"6,280",2,78,105,G#,Major,73,52,76,13,0,5,3,19
Sobrio,Maluma,1,2021,7,8,3506,10,174650119,103,76,100,1,1,178,F,Major,76,63,77,14,0,15,22,6
Peru,"Ed Sheeran, Fireboy DML",2,2021,12,23,2999,0,88843100,60,17,154,0,22,108,G,Minor,96,71,42,57,0,8,9,4
favorite crime,Olivia Rodrigo,1,2021,5,21,3681,0,266477303,20,21,99,0,7,173,A,Major,40,19,29,86,0,34,4,14
Thunder,"Prezioso, Gabry Ponte, LUM!X",3,2021,5,7,4846,10,143724164,54,16,259,0,13,101,C#,Major,67,40,90,3,0,34,6,7
The Business,Tiï¿½ï¿½,1,2020,1,1,14311,0,273606318,255,32,582,0,14,120,G#,Minor,80,24,62,41,2,11,23,12
I WANNA BE YOUR SLAVE,Mï¿½ï¿½ne,1,2021,3,19,4873,0,289382500,65,88,434,3,13,133,C#,Major,75,96,61,0,0,18,4,21
Vai Lï¿½ï¿½ Em Casa ,"Marï¿½ï¿½lia Mendonï¿½ï¿½a, George Henrique &",2,2021,10,22,772,0,89729886,7,3,89,0,0,158,G#,Minor,46,62,83,53,0,97,28,20
The Feels,TWICE,1,2021,10,1,1150,0,117614761,20,99,44,0,2,120,A,Major,81,92,90,9,0,8,7,9
No Lie,"Sean Paul, Dua Lipa",2,2016,11,18,7370,0,128146133,92,127,"1,219",0,62,102,G,Major,74,45,89,5,0,26,13,6
OUT OUT (feat. Charli XCX & Saweetie),"Charli XCX, Jax Jones, Joel Corry, Saweetie",4,2021,8,13,6890,0,145354550,122,11,201,0,1,124,G#,Minor,79,79,84,2,0,5,5,37
Pope Is a Rockstar,SALES,1,2016,4,20,1966,0,20980136,4,2,50,0,0,90,E,Minor,73,31,45,85,24,11,3,18
2055,Sleepy hallow,1,2021,4,14,2226,0,212348854,29,0,44,0,0,161,F#,Minor,78,65,52,46,0,12,31,4
Bored,Billie Eilish,1,2017,3,30,4204,0,117885628,39,45,250,0,0,120,G,Major,60,11,33,90,0,8,5,5
Astronaut In The Ocean,Masked Wolf,1,2019,1,1,7191,0,236892456,146,18,478,0,7,150,E,Minor,78,47,70,18,0,15,9,22
Ley Seca,"Anuel Aa, Jhay Cortez",2,2021,9,2,2012,0,120782254,101,12,38,0,0,105,G#,Major,76,58,84,10,0,13,10,8
Every Summertime,NIKI,1,2021,8,10,1211,2,98684052,30,2,5,0,6,79,F#,Major,63,76,67,38,0,6,4,16
Talking To The Moon,Bruno Mars,1,2010,10,4,7109,2,86185709,5,0,862,0,0,146,C#,Minor,52,7,61,51,0,11,3,19
you broke me first,Tate McRae,1,2020,4,17,6638,0,303932565,167,19,318,0,1,124,E,Major,64,8,37,79,0,9,5,18
The Nights,Avicii,1,2014,1,1,17354,8,159058113,92,122,"1,282",0,55,126,F#,Major,53,66,85,2,0,24,4,10
Take My Breath,The Weeknd,1,2021,8,6,6392,0,147128215,174,73,344,0,0,121,G#,Major,75,53,74,2,0,11,5,14
Way 2 Sexy (with Future & Young Thug),"Drake, Future, Young Thug",3,2021,9,3,5481,0,166592265,144,30,86,0,0,136,B,Minor,80,33,60,0,0,32,14,37
Cï¿½ï¿½,Rauw Alejandro,1,2021,6,25,2636,3,158436336,36,82,39,0,5,102,A,Minor,77,26,63,58,0,11,5,7
Enemy - from the series Arcane League of Legends,"Imagine Dragons, League of Legends, Arcane",3,2021,10,27,824,0,416010232,8,8,8,2,0,77,G,Major,73,54,74,23,0,41,23,48
Lucid Dreams,Juice WRLD,1,2017,6,15,14749,0,346896719,188,34,710,0,5,84,B,Minor,44,22,48,38,0,33,24,12
Quï¿½ï¿½ Mï¿½ï¿½,"J Balvin, Maria Becerra",2,2021,1,28,8087,0,245096383,92,34,131,0,0,102,G#,Major,89,77,82,3,0,17,11,16
All of Me,John Legend,1,2013,8,1,27221,0,209174474,308,118,"4,534",2,77,120,G#,Major,42,33,26,92,0,13,3,9
Fair Trade (with Travis Scott),"Drake, Travis Scott",2,2021,9,3,5403,6,201944923,118,116,96,0,3,168,C#,Major,67,29,47,5,0,22,26,30
Bar,"Tini, L-Gante",2,2021,11,11,755,4,68335085,22,3,0,0,0,94,C#,Major,52,68,69,13,0,33,8,3
The Rumbling (TV Size),SiM,1,2022,1,10,254,0,35862546,0,4,23,0,0,145,G#,Major,41,65,88,0,0,26,5,22
family ties (with Kendrick Lamar),"Kendrick Lamar, Baby Keem",2,2021,8,27,6308,5,190487934,114,15,63,0,2,134,C#,Major,71,14,61,1,0,23,33,33
Blessed-Cursed,ENHYPEN,1,2022,1,10,246,0,39055561,2,12,10,0,0,127,E,Minor,60,40,89,9,0,60,6,14
AM Remix,"J Balvin, Nio Garcia, Bad Bunny",3,2021,6,24,6556,0,179716708,93,5,67,1,0,172,F#,Minor,74,79,66,11,0,8,16,8
Streets,Doja Cat,1,2019,11,7,5728,0,180121451,85,87,179,0,12,90,B,Major,75,19,46,21,4,34,8,7
Shallow,"Lady Gaga, Bradley Cooper",2,2018,9,27,16636,12,378122517,368,155,"2,854",6,121,96,G,Major,57,30,40,38,0,26,3,7
Polaroid Love,ENHYPEN,1,2022,1,10,461,0,106743074,10,56,17,0,0,138,G,Minor,74,65,67,46,0,36,4,13
Leave Before You Love Me (with Jonas Brothers),"Marshmello, Jonas Brothers",2,2021,4,28,4893,4,221603378,143,24,110,0,70,120,G,Major,72,67,72,0,0,13,4,46
Permission to Dance,BTS,1,2021,7,9,1801,2,206846823,77,134,74,0,2,125,A,Major,70,65,74,1,0,34,4,19
Friday (feat. Mufasa & Hypeman) - Dopamine Re-Edit,"Riton, Nightcrawlers, Mufasa & Hypeman, Dopamine",4,2021,1,15,12043,0,293696043,209,54,710,0,18,123,D,Major,82,80,86,1,0,30,13,50
RAPSTAR,Polo G,1,2021,4,9,4731,0,271134161,141,12,78,0,0,81,F#,Major,79,44,54,41,0,13,24,7
Memories,Maroon 5,1,2019,9,20,9974,2,366128998,272,67,"1,066",1,19,91,B,Major,77,60,32,84,0,8,5,8
Se Le Ve,"Arcangel, De La Ghetto, Justin Quiles, Lenny Tavï¿½ï¿½rez, Sech, Dalex, Dimelo Flow, Rich Music",8,2021,8,12,1560,0,75933640,72,0,0,0,0,84,G,Minor,56,61,76,10,0,14,11,8
25k jacket (feat. Lil Baby),"Gunna, Lil Baby",2,2022,1,7,620,0,27743676,17,3,3,0,0,115,F,Minor,90,74,54,16,0,13,28,27
Esqueï¿½ï¿½a-Me Se For C,"Marï¿½ï¿½lia Mendonï¿½ï¿½a, Maiara &",2,2021,10,14,580,0,87833077,24,92,93,0,0,122,F#,Minor,80,62,69,28,0,13,7,24
Miï¿½ï¿½n,"Tini, Maria Becerra",2,2021,4,29,3406,16,202704692,61,23,70,1,0,92,D,Major,85,92,54,16,0,29,7,9
Sï¿½ï¿½,"Anuel Aa, Myke Towers, Jhay Cortez",3,2021,11,18,903,0,60228029,30,26,15,0,0,90,F#,Minor,63,75,75,17,0,11,8,7
MAMIII,"Karol G, Becky G",2,2022,2,10,6809,28,361878584,151,102,175,5,29,94,E,Minor,84,90,70,9,0,14,8,6
Stay Alive (Prod. SUGA of BTS),Jung Kook,1,2022,2,11,590,5,124420187,4,113,20,0,1,130,D,Minor,51,50,76,30,0,10,7,30
Boyfriend,Dove Cameron,1,2022,2,11,3766,0,250637156,76,0,102,0,2,180,G,Minor,35,23,61,23,0,19,6,9
Light Switch,Charlie Puth,1,2022,1,19,4049,0,252671789,119,6,85,1,1,184,F#,Major,69,91,63,11,0,9,31,12
City of Gods,"Kanye West, Alicia Keys, Fivio Foreign",3,2022,2,11,2096,0,54163995,34,3,30,0,0,147,G#,Minor,47,50,80,10,0,32,38,12
Brividi,"Mahmood, Blanco",2,2022,2,2,1175,0,68214949,34,1,31,0,0,123,G,Major,52,44,60,40,0,26,3,7
Lost,Frank Ocean,1,2012,1,1,29499,11,76305357,124,27,587,0,4,123,A#,Minor,91,49,61,3,0,17,22,4
she's all i wanna be,Tate McRae,1,2022,2,4,2711,0,173314455,105,12,51,0,12,160,D,Minor,61,65,64,1,0,12,4,20
Ginseng Strip 2002,Yung Lean,1,2013,8,16,4310,0,24141869,13,0,113,1,3,115,C#,Major,60,37,71,8,0,48,4,18
All For Us - from the HBO Original Series Euphoria,"Labrinth, Zendaya",2,2019,8,4,5342,0,88684238,33,123,7,0,4,141,D#,Major,37,17,67,2,0,34,9,50
Notion,The Rare Occasions,1,2016,8,5,2393,0,56399687,22,13,65,0,6,160,A,Major,31,30,88,7,0,8,8,6
Formula,Labrinth,1,2019,10,4,3444,7,115457939,24,85,102,0,1,145,B,Major,57,23,66,4,6,15,4,7
Excuses,"Intense, AP Dhillon, Gurinder Gill",3,2020,7,24,272,4,84346869,7,21,2,0,0,95,F,Minor,84,49,72,8,0,15,8,7
Cigarettes,Juice WRLD,1,2021,12,10,975,0,63042943,11,0,10,0,0,160,D,Major,60,47,62,3,0,38,4,10
"Cayï¿½ï¿½ La Noche (feat. Cruz Cafunï¿½ï¿½, Abhir Hathi, Bejo, EL IMA)","Quevedo, La Pantera, Juseph, Cruz Cafunï¿½ï¿½, Bï¿½ï¿½jo, Abhir Hathi",7,2022,1,14,1034,1,123927043,19,5,12,0,0,174,F,Minor,67,74,75,44,0,7,30,70
Down Under (feat. Colin Hay),"Luude, Colin Hay",2,2021,11,19,3541,2,85981711,57,13,50,1,7,172,B,Minor,31,4,86,1,0,28,17,28
Mujeriego,Ryan Castro,1,2021,12,17,1492,0,78883735,44,63,91,0,24,80,A,Major,76,92,62,6,0,8,13,9
HUMBLE.,Kendrick Lamar,1,2017,3,30,33206,1,292494605,284,114,"1,481",0,5,150,C#,Minor,91,42,60,0,0,9,12,7
Contection,"GODZZ__-, Zakaria",2,2020,1,16,6955,0,304138951,65,45,398,0,1,166,A#,Minor,81,83,75,14,0,29,34,10
Swim,Chase Atlantic,1,2017,10,4,2742,0,75627236,5,1,62,0,0,120,G#,Major,67,8,54,27,0,8,4,4
Numb Little Bug,Em Beihold,1,2022,1,28,2026,0,130650876,47,3,42,12,6,85,G#,Minor,74,61,52,30,0,26,9,15
212,"Mainstreet, Chefin",2,2022,1,15,352,0,72285341,10,0,39,0,0,154,D,Minor,79,86,52,66,0,9,7,3
Problemï¿½,"Alvaro Diaz, Rauw Alejandro",2,2021,10,22,1517,0,71325854,42,7,15,0,4,92,D,Minor,73,37,74,28,0,14,6,10
Bussin,"Nicki Minaj, Lil Baby",2,2022,2,11,847,0,32680848,25,0,14,0,0,140,B,Major,89,75,70,6,0,13,5,6
Worst Day,Future,1,2022,2,11,910,0,25627034,20,3,24,0,0,89,C#,Major,65,60,60,11,0,10,40,9
Malvada,Zï¿½ï¿½ Fe,1,2022,1,28,601,0,77830341,28,73,64,0,0,135,F,Minor,89,89,86,16,0,8,5,7
Hrs and Hrs,Muni Long,1,2021,11,19,1800,0,61655554,43,36,46,13,4,140,G#,Minor,51,66,53,60,0,11,18,11
Alien Blues,Vundabar,1,2015,7,24,1930,0,44484061,3,0,28,0,1,82,D#,Major,47,44,76,8,91,9,3,11
Thinking Out Loud,Ed Sheeran,1,2014,1,1,33032,0,249122424,363,129,"3,895",0,28,79,D,Major,78,58,45,47,0,18,3,17
Still Don't Know My Name,Labrinth,1,2019,10,4,6332,0,117336296,47,116,266,0,0,88,F,Major,31,31,63,47,27,21,12,24
Christmas Tree,V,1,2021,12,24,509,9,107998452,8,106,6,0,8,139,F,Major,44,18,38,70,0,12,4,14
When I R.I.P.,Labrinth,1,2019,10,4,2578,0,42381569,8,67,66,0,0,80,G#,Minor,39,45,55,73,0,9,21,13
Do We Have A Problem?,"Nicki Minaj, Lil Baby",2,2022,2,4,1064,0,41082112,42,1,26,0,0,120,C#,Minor,84,54,51,47,0,12,40,21
Forever,Labrinth,1,2019,10,4,3618,0,58862022,21,86,138,0,2,80,E,Minor,56,19,46,92,72,11,3,7
Gospel (with Eminem),"Eminem, Dr. Dre",2,2022,2,4,1040,0,32717900,8,0,29,0,0,117,C#,Major,92,62,86,11,0,24,24,20
Seï¿½ï¿½o,"Shawn Mendes, Camila Cabello",2,2019,6,19,15010,2,517037173,453,50,"1,785",1,8,117,A,Minor,76,77,52,4,0,8,3,9
NEW MAGIC WAND,"Tyler, The Creator",2,2019,5,16,4708,0,96015474,13,7,55,0,1,140,F,Minor,62,46,73,10,0,67,11,14
Adore You,Harry Styles,1,2019,12,6,13454,1,299465376,246,71,519,2,5,99,G#,Major,68,57,77,2,0,10,5,9
La Santa,"Daddy Yankee, Bad Bunny",2,2020,2,29,4890,20,195533646,52,42,100,0,0,93,C#,Major,74,59,87,3,0,8,5,8
Sweetest Pie,"Dua Lipa, Megan Thee Stallion",2,2022,3,11,3501,0,151315358,69,2,51,11,0,124,G,Major,81,68,63,17,0,10,22,12
Bam Bam (feat. Ed Sheeran),"Camila Cabello, Ed Sheeran",2,2022,3,4,6111,4,382238407,185,40,492,9,35,95,G#,Major,76,96,70,18,0,33,4,26
Una Noche en Medellï¿½,Cris Mj,1,2022,1,21,5415,32,344649843,46,16,53,1,2,96,A#,Minor,87,82,53,10,0,5,8,22
Envolver,Anitta,1,2021,11,11,4673,2,185716855,123,113,180,1,4,92,E,Minor,81,40,73,15,0,9,8,8
Starlight,Dave,1,2022,3,3,1856,3,115883983,29,40,31,1,1,124,G,Major,95,36,37,35,0,10,28,9
Hati-Hati di Jalan,Tulus,1,2022,3,3,200,2,102352087,12,4,0,0,0,72,F#,Major,64,76,44,70,9,12,4,18
DANï¿½ï¿½A,"Mc Pedrinho, Pedro Sampaio",2,2022,2,1,911,2,105123815,45,0,99,1,1,135,A,Minor,78,55,57,4,0,10,8,10
"Residente: Bzrp Music Sessions, Vol. 49","Residente, Bizarrap",2,2022,3,3,461,0,47781310,7,11,13,0,0,71,C#,Minor,59,70,74,56,0,11,40,39
Jordan,Ryan Castro,1,2021,4,30,2844,2,133978894,29,2,35,1,0,180,A#,Minor,80,71,68,6,0,10,37,6
Nail Tech,Jack Harlow,1,2022,2,18,2939,0,97689134,42,0,24,0,0,150,E,Minor,65,11,58,0,0,12,9,9
Chale,Eden Muï¿½ï¿½,1,2022,2,18,695,11,151322295,16,41,13,1,1,189,G#,Major,55,86,44,40,0,7,4,5
Ya No Somos Ni Seremos,Christian Nodal,1,2022,2,18,866,16,161477303,27,84,32,7,11,140,G,Major,59,73,45,44,0,34,3,22
Freaky Deaky,"Tyga, Doja Cat",2,2022,2,25,1729,0,77386618,26,1,19,0,0,104,D,Minor,80,24,65,2,0,9,4,12
this is what falling in love feels like,JVKE,1,2021,9,3,2005,0,117691002,16,5,43,0,7,129,B,Major,42,33,44,62,0,8,6,39
La Zona,Bad Bunny,1,2020,2,29,1188,0,80515800,13,1,15,0,1,94,C#,Minor,76,81,80,20,0,25,4,7
Hope,XXXTENTACION,1,2018,3,16,3659,0,210273196,11,10,267,0,7,146,A,Minor,59,23,46,66,0,15,6,4
Levitating,Dua Lipa,1,2020,3,27,9833,0,205317244,233,82,531,1,1,103,F#,Minor,69,90,88,5,0,29,8,10
Wake Me Up - Radio Edit,Avicii,1,2013,1,1,50887,34,197598279,315,160,"6,284",1,46,124,D,Major,53,66,78,0,0,16,5,23
"jealousy, jealousy",Olivia Rodrigo,1,2021,5,21,3257,0,226374787,10,0,70,0,0,164,A#,Minor,70,71,58,24,0,7,13,18
Monï¿½ï¿½y so,YEAT,1,2021,9,10,1473,0,89690614,2,0,12,0,10,138,D,Major,69,35,57,12,0,10,9,13
Demasiadas Mujeres,C. Tangana,1,2020,10,8,2226,0,87431130,36,2,11,0,14,126,A,Minor,67,37,46,13,0,10,39,18
Something Just Like This,"The Chainsmokers, Coldplay",2,2017,2,22,23375,21,334071747,336,188,"2,692",3,30,103,B,Minor,61,47,65,3,0,17,4,24
Closer,"The Chainsmokers, Halsey",2,2016,5,31,28032,0,347024165,315,159,"2,179",0,44,95,G#,Major,75,64,52,41,0,11,3,6
O.O,NMIXX,1,2022,2,22,290,0,68399340,9,66,10,0,0,200,B,Minor,39,28,77,4,0,6,29,3
Tom's Diner,"AnnenMayKantereit, Giant Rooks",2,2019,6,28,2605,0,49288109,15,48,50,0,3,98,F#,Minor,68,33,43,38,0,36,14,11
First Class,Jack Harlow,1,2022,4,8,8737,0,350735159,163,32,137,15,12,107,G#,Major,91,32,56,3,0,11,10,11
Fuera del mercado,Danny Ocean,1,2022,2,17,2499,21,212789338,68,24,43,1,0,92,G#,Major,45,27,67,32,0,13,14,17
X ï¿½ï¿½LTIMA,"Daddy Yankee, Bad Bunny",2,2022,3,25,2697,1,176621818,55,3,32,0,0,90,G,Major,81,59,83,9,0,11,5,13
When You're Gone,Shawn Mendes,1,2022,3,31,2092,0,128835785,75,11,44,0,14,147,F,Major,60,58,69,2,0,58,4,16
In My Head,Lil Tjay,1,2022,4,1,1185,0,96445544,21,0,31,0,0,143,C#,Major,68,41,55,16,0,10,12,10
Wait a Minute!,Willow,1,2015,1,11,11985,0,111092557,79,80,250,3,10,101,D#,Minor,76,63,71,3,0,10,3,14
LOVE DIVE,IVE,1,2022,4,5,753,8,154414335,28,124,13,0,1,118,C#,Minor,70,54,71,0,0,33,4,9
Pantysito,"Feid, Alejo, Robi",3,2022,3,18,2995,0,137867724,49,17,30,0,0,98,G,Minor,83,63,74,14,0,16,6,9
Chance,Paulo Londra,1,2022,4,6,225,0,45231073,11,0,7,0,0,138,C#,Minor,72,22,46,24,0,9,6,6
Cool for the Summer,Demi Lovato,1,2015,1,1,9243,0,81425575,155,5,577,0,6,114,F,Minor,59,30,62,1,0,8,4,19
psychofreak (feat. WILLOW),"Camila Cabello, Willow",2,2022,4,7,918,0,38115472,24,0,52,0,0,180,G,Minor,63,45,64,34,0,9,8,26
Angel Baby,Troye Sivan,1,2021,9,9,1959,9,139015634,52,25,32,0,10,145,B,Major,56,41,57,1,0,13,3,10
Vampiro,"Matuï¿½ï¿½, Wiu, ",3,2022,1,30,540,4,94825127,26,3,39,0,0,115,G#,Minor,78,63,64,1,0,7,4,7
Si Quieren Frontear,"De La Ghetto, Duki, Quevedo",3,2022,3,31,859,0,90148724,14,0,11,0,0,82,A#,Major,79,48,84,13,0,21,23,19
Right On,Lil Baby,1,2022,4,8,1116,0,51398906,31,9,15,0,1,166,D,Major,70,22,61,2,0,10,34,8
That's Hilarious,Charlie Puth,1,2022,4,8,686,2,73913356,11,6,12,0,15,108,F#,Major,71,55,44,74,0,11,6,16
Soy El Unico,Yahritza Y Su Esencia,1,2022,3,25,226,0,63854194,5,0,4,0,1,84,E,Minor,71,63,45,45,0,11,3,12
RUMBATï¿½,Daddy Yankee,1,2022,3,25,1264,0,79785276,20,4,52,0,1,95,D#,Minor,69,90,91,6,0,35,4,9
sentaDONA (Remix) s2,"Luï¿½ï¿½sa Sonza, MC Frog, Dj Gabriel do Borel, Davi K",4,2022,3,17,870,0,89026840,32,0,49,0,0,135,D#,Minor,93,77,45,25,0,13,27,20
Falling,Harry Styles,1,2019,12,13,7556,0,212903666,124,24,254,0,8,110,E,Major,57,6,27,84,0,9,3,7
Fim de Semana no Rio,teto,1,2022,3,30,315,2,70292851,27,2,31,0,0,119,C#,Minor,87,28,50,12,0,10,10,20
MANIAC,Stray Kids,1,2022,3,18,651,0,107178634,6,188,20,0,0,120,C#,Major,58,71,80,15,0,7,41,6
There's Nothing Holdin' Me Back,Shawn Mendes,1,2016,9,23,12382,0,229609538,229,57,"1,370",2,71,122,D,Major,86,97,80,36,0,9,6,31
IDGAF (with blackbear),"Blackbear, BoyWithUke",2,2022,3,18,625,0,99810083,10,2,13,0,1,98,F,Major,78,83,75,41,0,27,8,22
Golden,Harry Styles,1,2019,12,13,8429,1,167922984,85,24,200,0,2,140,E,Minor,45,25,84,21,0,13,6,6
Get Lucky - Radio Edit,"Pharrell Williams, Nile Rodgers, Daft Punk",3,2013,1,1,52898,0,93633155,203,1,"8,215",0,0,116,F#,Minor,79,87,81,4,0,10,4,22
Ain't Shit,Doja Cat,1,2021,6,25,3436,0,169912482,32,6,46,0,1,124,D#,Major,86,62,49,51,0,35,21,10
"Nobody Like U - From ""Turning Red""","Jordan Fisher, Josh Levi, Finneas O'Connell, 4*TOWN (From Disney and Pixarï¿½ï¿½ï¿½s Turning Red), Topher Ngo, Grayson Vill",6,2022,2,25,918,0,61027794,34,39,30,0,0,105,A,Minor,91,73,72,13,0,9,15,34
Still Life,BIGBANG,1,2022,4,5,181,0,27224109,16,14,7,0,0,118,G#,Major,68,24,58,44,0,6,3,10
Photograph,Ed Sheeran,1,2014,6,20,18778,3,244327116,228,105,"2,453",0,84,108,E,Major,61,20,38,61,0,10,5,10
Love Yourself,Justin Bieber,1,2015,11,9,22730,5,255232218,289,87,"2,430",0,36,100,E,Major,61,53,38,84,0,28,44,13
N95,Kendrick Lamar,1,2022,5,13,5542,0,152127204,52,16,65,0,206,140,D#,Minor,81,39,66,38,0,12,14,3
About Damn Time,Lizzo,1,2022,4,14,9021,0,365566588,242,49,272,21,24,109,A#,Minor,84,72,74,10,0,34,7,15
Die Hard,"Kendrick Lamar, Blxst, Amanda Reifer",3,2022,5,13,4627,0,119862268,38,13,32,0,0,101,C#,Minor,78,40,74,36,0,17,27,8
Despuï¿½ï¿½s de la P,Bad Bunny,1,2022,5,6,2229,0,233086985,27,44,24,0,5,78,F,Major,56,61,90,36,0,18,31,20
United In Grief,Kendrick Lamar,1,2022,5,13,2575,0,79233626,4,5,12,0,51,87,G#,Major,52,32,83,24,0,17,43,15
Father Time (feat. Sampha),"Kendrick Lamar, Sampha",2,2022,5,13,3107,0,64291114,4,0,22,0,0,153,A#,Minor,55,50,78,19,0,11,35,26
Rich Spirit,Kendrick Lamar,1,2022,5,13,3486,0,87719549,20,10,33,0,0,96,A#,Minor,85,41,43,39,0,12,21,11
Me Fui de Vacaciones,Bad Bunny,1,2022,5,6,1443,0,154353350,9,11,22,1,0,85,A#,Major,71,43,65,23,0,9,5,20
Silent Hill,"Kendrick Lamar, Kodak Black",2,2022,5,13,3028,0,62224421,22,0,23,0,0,140,C#,Minor,92,78,57,46,0,14,9,11
La Corriente,"Tony Dize, Bad Bunny",2,2022,5,6,1796,8,242226027,8,25,18,1,0,196,B,Minor,66,58,79,23,0,22,20,12
Count Me Out,Kendrick Lamar,1,2022,5,13,2729,0,63726486,3,7,13,0,1,134,G,Major,78,51,43,69,0,14,9,12
Andrea,"Buscabulla, Bad Bunny",2,2022,5,6,1195,0,173748163,8,30,13,1,1,103,C#,Minor,80,45,62,76,0,10,38,6
Dos Mil 16,Bad Bunny,1,2022,5,6,892,3,170903055,10,24,11,0,0,130,C#,Major,82,50,67,12,0,13,5,10
We Cry Together,"Kendrick Lamar, Taylour Paige",2,2022,5,13,1635,0,34792288,4,1,6,0,0,108,B,Major,65,52,69,31,0,8,36,15
Savior,"Kendrick Lamar, Sam Dew, Baby Keem",3,2022,5,13,2291,0,43519315,9,0,8,0,0,123,G#,Major,61,66,71,53,0,32,46,6
Un Coco,Bad Bunny,1,2022,5,6,1029,28,203631869,5,28,9,0,0,152,B,Major,84,74,69,21,0,18,6,7
Otro Atardecer,"Bad Bunny, The Marï¿½ï¿½",2,2022,5,6,1681,7,161371057,10,30,13,0,33,108,D,Major,78,55,60,59,0,7,4,14
Worldwide Steppers,Kendrick Lamar,1,2022,5,13,1480,0,31178608,1,0,5,0,0,72,A#,Minor,56,56,47,76,0,8,36,18
Aguacero,Bad Bunny,1,2022,5,6,829,0,143096329,4,15,10,0,0,121,F#,Minor,86,67,65,42,0,35,7,8
Purple Hearts,"Kendrick Lamar, Ghostface Killah, Summer Walker",3,2022,5,13,2308,0,38800084,7,0,7,0,0,138,D#,Minor,57,71,82,19,0,15,29,13
Un Verano Sin Ti,Bad Bunny,1,2022,5,6,1004,1,143082744,8,12,9,0,0,188,F,Minor,50,41,50,69,0,12,6,16
ULTRA SOLO,"Polima WestCoast, Pailita",2,2022,2,14,1367,0,155414999,48,4,34,1,0,110,C#,Major,80,26,85,23,0,11,21,10
Ensï¿½ï¿½ï¿½ï¿½ame ,Bad Bunny,1,2022,5,6,1112,3,141267613,7,25,12,0,0,105,G#,Major,81,77,79,19,0,47,8,19
El Apagï¿½,Bad Bunny,1,2022,5,6,1209,0,107237669,9,7,14,0,1,118,G#,Major,63,60,70,5,0,9,31,10
Callaita,"Bad Bunny, Tainy",2,2019,5,31,9539,15,271400230,162,116,355,7,0,176,D,Major,61,24,62,60,0,24,31,8
Dua Lipa,Jack Harlow,1,2022,5,6,1992,0,76002962,35,0,3,0,0,158,B,Major,83,41,65,0,10,11,8,8
Agosto,Bad Bunny,1,2022,5,6,897,0,124294517,6,20,8,0,0,115,C#,Minor,85,72,58,9,0,49,12,6
House Of Memories,Panic! At The Disco,1,2016,1,15,2948,0,78058738,10,2,150,0,0,110,B,Minor,51,48,82,0,0,5,3,17
Mr. Morale,"Kendrick Lamar, Tanna Leone",2,2022,5,13,1860,0,29637139,1,0,3,0,0,174,A,Major,73,26,54,30,0,34,32,10
That That (prod. & feat. SUGA of BTS),"PSY, Suga",2,2022,4,29,802,0,107115108,16,81,23,0,0,130,E,Major,91,91,96,3,0,3,9,37
In The Stars,Benson Boone,1,2022,4,29,2224,8,193010743,48,40,87,1,210,78,A#,Major,36,30,54,34,0,14,5,12
Rich - Interlude,Kendrick Lamar,1,2022,5,13,1103,0,20811087,0,0,0,0,0,104,G,Major,44,74,42,88,0,9,9,16
SUPERMODEL,Mï¿½ï¿½ne,1,2022,5,13,2265,0,116987196,93,12,173,11,3,121,G,Major,64,80,88,0,0,12,6,10
Stefania (Kalush Orchestra),KALUSH,1,2022,3,10,555,0,27133234,10,4,4,0,0,105,D,Major,83,32,82,14,0,12,4,27
Thousand Miles,The Kid Laroi,1,2022,4,22,2050,0,123594233,52,9,46,0,1,81,G,Major,38,20,66,9,0,9,8,14
Crown,Kendrick Lamar,1,2022,5,13,1493,0,21455206,2,0,10,0,0,170,C#,Minor,37,14,24,80,0,11,4,5
Auntie Diaries,Kendrick Lamar,1,2022,5,13,1545,0,19077978,1,0,4,0,0,78,G,Major,43,60,38,76,1,48,38,14
PUFFIN ON ZOOTIEZ,Future,1,2022,4,29,2350,0,128380415,28,42,23,0,0,125,G#,Major,88,28,66,6,0,13,31,17
Mirror,Kendrick Lamar,1,2022,5,13,1929,0,27069731,2,0,4,0,0,92,E,Minor,66,29,65,23,0,8,7,6
Beautiful Girl,Luciano,1,2022,4,22,710,4,80818010,16,11,18,0,0,140,B,Minor,84,61,42,31,0,9,9,14
Savior - Interlude,Kendrick Lamar,1,2022,5,13,1194,0,18731239,0,0,3,0,0,118,F,Minor,66,83,43,84,0,19,19,18
Pasoori,"Shae Gill, Ali Sethi",2,2022,2,6,349,6,143546117,10,22,3,0,0,92,B,Minor,71,67,60,7,0,6,4,7
Mother I Sober (feat. Beth Gibbons of Portishead),"Kendrick Lamar, Beth Gibbons",2,2022,5,13,1890,0,16857628,3,0,2,0,0,140,G#,Minor,49,50,37,87,0,11,35,49
TUS Lï¿½ï¿½GR,"Sech, Mora",2,2022,4,1,1308,2,93234340,23,16,9,0,5,174,C#,Major,68,45,71,18,0,11,25,13
Where Did You Go?,"MNEK, Jax Jones",2,2022,1,26,4531,0,151996415,135,74,119,1,18,127,A#,Major,77,53,78,19,0,29,4,17
I Tried to Tell Y'all,"Ugly Dray, Tesla Jnr",2,2022,5,6,1657,0,61144303,15,3,3,0,0,96,B,Major,71,37,52,62,0,11,36,21
Honest (feat. Don Toliver),"Justin Bieber, Don Toliver",2,2022,4,29,1351,0,53994420,26,1,17,0,0,150,G#,Minor,82,82,66,13,0,11,6,26
ZOOM,Jessi,1,2022,4,13,608,0,69183111,5,29,14,0,0,100,F#,Major,87,46,60,1,0,13,16,4
SloMo,Chanel,1,2021,12,24,1211,0,22346207,31,0,19,0,2,105,C#,Minor,73,59,81,13,0,9,6,5
FEARLESS,LE SSERAFIM,1,2022,5,2,629,0,115896377,18,75,9,0,0,104,G,Major,86,43,62,5,0,13,14,8
10 Things I Hate About You,Leah Kate,1,2022,3,23,1301,0,93703157,23,1,15,0,0,154,G#,Major,54,45,79,1,0,17,5,26
SPACE MAN,Sam Ryder,1,2022,2,22,1329,0,27614700,42,51,32,0,0,80,B,Major,47,33,83,18,0,10,5,9
With you,"HA SUNG WOON, Jimin",2,2022,4,24,343,2,121492881,4,35,11,1,1,150,D#,Major,53,14,43,64,0,13,3,8
The Heart Part 5,Kendrick Lamar,1,2022,5,8,2939,0,36068766,29,0,30,0,0,98,G#,Minor,76,79,81,18,0,6,34,16
San Lucas,Kevin Kaarl,1,2019,11,7,407,1,50956843,5,0,5,0,0,92,G,Major,58,27,36,86,0,9,3,9
This Love (Taylorï¿½ï¿½ï¿½s Ve,Taylor Swift,1,2022,5,6,1492,0,66746825,26,2,15,0,2,144,E,Major,47,7,50,32,0,7,4,30
Good Looking,Suki Waterhouse,1,2017,10,20,2264,0,27995916,11,6,25,0,1,150,E,Major,37,27,56,8,0,13,3,12
Flowers,Lauren Spencer Smith,1,2021,8,9,801,0,62845010,42,9,24,1,1,138,D#,Major,70,31,44,84,0,9,39,7
Yet To Come,BTS,1,2022,6,10,829,0,152513303,32,110,26,0,0,172,C#,Major,56,68,89,4,0,33,19,11
Run BTS,BTS,1,2022,6,10,736,0,167094925,5,132,17,0,3,77,G#,Major,72,70,82,2,0,4,17,7
Music For a Sushi Restaurant,Harry Styles,1,2022,5,20,4449,1,169040398,80,11,66,0,1,107,B,Major,72,36,72,26,6,11,4,28
Matilda,Harry Styles,1,2022,5,20,3218,3,184938240,29,10,79,0,0,114,D,Major,51,39,29,90,0,10,4,7
For Youth,BTS,1,2022,6,10,327,0,57845870,5,40,12,0,0,117,D,Major,63,29,51,43,0,25,4,9
Vegas (From the Original Motion Picture Soundtrack ELVIS),Doja Cat,1,2022,5,6,4576,0,226492845,79,13,93,0,17,160,G#,Minor,80,74,60,8,0,14,26,57
Cash In Cash Out,"Pharrell Williams, Tyler, The Creator, 21 Savage",4,2022,6,10,2313,0,69021611,34,0,29,0,0,120,G,Major,88,15,56,1,0,8,6,16
Potion (with Dua Lipa & Young Thug),"Calvin Harris, Dua Lipa, Young Thug",3,2022,5,27,3983,0,96265615,73,45,119,0,0,100,B,Minor,82,76,70,16,0,8,5,35
Born Singer,BTS,1,2022,6,10,279,0,39943098,0,18,6,0,0,158,G#,Minor,60,68,84,4,0,24,11,11
Little Freak,Harry Styles,1,2022,5,20,2302,0,137963269,20,3,39,0,0,142,D#,Major,56,40,54,72,0,10,4,12
La Llevo Al Cielo (Ft. ï¿½ï¿½engo F,"Nengo Flow, Anuel Aa, Chris Jedi, Chencho Corleone",4,2022,5,20,3559,3,168238914,36,1,31,0,1,170,A,Minor,80,77,85,11,0,17,14,35
True Love,"Kanye West, XXXTENTACION",2,2022,5,27,2129,0,98425828,23,1,44,1,0,84,F,Minor,71,39,86,2,0,51,25,9
"Villano Antillano: Bzrp Music Sessions, Vol. 51","Bizarrap, Villano Antillano",2,2022,6,8,1401,0,125498437,26,16,17,0,1,128,C#,Minor,82,42,75,6,0,63,6,47
Love Of My Life,Harry Styles,1,2022,5,20,1933,0,118003948,13,2,31,0,0,118,G,Major,56,20,54,67,0,6,5,15
Grapejuice,Harry Styles,1,2022,5,20,1986,0,100791848,7,1,15,0,0,183,F,Major,65,88,72,36,14,20,3,10
So Good,Halsey,1,2022,6,9,1057,0,46349522,51,14,19,0,0,83,D#,Minor,63,29,62,4,0,18,4,7
Belly Dancer,"BYOR, Imanbek",2,2022,2,18,5115,13,193837107,109,38,301,1,33,122,C#,Major,85,42,80,6,0,17,14,12
Keep Driving,Harry Styles,1,2022,5,20,2094,1,119210618,8,1,18,0,0,165,A,Major,72,90,48,32,0,18,23,12
Cinema,Harry Styles,1,2022,5,20,2171,0,95564586,18,1,28,0,0,106,A,Minor,83,90,64,35,5,9,4,6
Die Young (feat. 347aidan),"Sleepy hallow, 347aidan",2,2022,5,25,896,0,81226870,19,0,15,0,0,77,B,Major,81,68,58,83,0,11,34,26
Only Love Can Hurt Like This,Paloma Faith,1,2014,1,1,5148,0,64335763,90,22,365,0,114,91,G#,Major,57,30,89,10,0,33,8,28
Hold My Hand,Lady Gaga,1,2022,5,3,2528,0,120366886,63,8,270,2,105,148,G,Major,51,21,63,5,0,41,3,12
Daydreaming,Harry Styles,1,2022,5,20,1900,1,94790035,15,1,23,0,0,114,E,Minor,71,90,81,31,2,13,3,11
Nos Comemos (feat. Ozuna),"Ozuna, Tiago pzk",2,2022,6,2,896,0,69858865,0,0,2,0,0,92,F#,Major,83,56,82,10,0,9,5,25
Me and Your Mama,Childish Gambino,1,2016,11,10,8775,0,59674753,33,60,107,1,0,118,F,Major,56,25,45,1,3,7,3,16
Crazy What Love Can Do,"David Guetta, Ella Henderson, Becky Hill",3,2022,3,18,5290,0,144803387,139,73,142,0,5,123,E,Minor,60,46,71,3,0,16,4,22
SLOW DANCING IN THE DARK,Joji,1,2018,9,12,10211,0,196536872,38,79,65,0,1,89,D#,Major,52,28,48,54,1,19,3,24
Antes de Perderte,Duki,1,2022,6,2,584,8,79354143,12,1,8,0,1,110,F,Minor,81,61,93,49,0,12,11,17
295,Sidhu Moose Wala,1,2021,5,15,246,4,62316894,4,106,0,0,7,90,B,Minor,68,54,76,21,0,11,20,3
En El Radio Un Cochinero,Victor Cibrian,1,2022,5,13,514,0,83252395,5,36,1,0,0,154,F#,Minor,70,97,62,47,0,10,4,24
BREAK MY SOUL,Beyoncï¿½,1,2022,6,21,9724,0,179080497,222,61,259,14,2,115,C#,Minor,70,87,88,4,0,26,8,13
ULTRA SOLO REMIX,"De La Ghetto, Feid, Polima WestCoast, Paloma Mami, Pailita",5,2022,6,16,2341,0,141257234,37,2,38,2,0,110,C#,Major,91,59,82,8,0,6,8,16
Massive,Drake,1,2022,6,17,5263,0,98792444,66,89,61,0,11,125,E,Minor,51,5,68,12,2,15,6,7
Betty (Get Money),Yung Gravy,1,2022,6,10,2402,0,111985196,45,2,26,0,1,102,C#,Major,73,62,75,0,0,34,8,17
Ojos Marrones,Lasso,1,2022,2,6,795,11,132956542,26,18,15,1,4,120,G#,Minor,81,72,65,4,0,14,4,13
POP!,Nayeon,1,2022,6,24,571,0,107820079,19,21,14,0,2,97,D,Major,80,36,86,4,0,3,5,4
Layla,"Schï¿½ï¿½rze, DJ R",2,2022,3,24,832,3,65861781,18,124,24,1,0,140,F,Minor,44,41,92,0,0,44,7,5
MORE,j-hope,1,2022,7,1,565,0,78676844,6,52,11,0,0,97,D,Major,78,31,72,1,0,11,4,4
Last Last,Burna Boy,1,2022,5,12,4526,12,148200545,156,275,150,3,128,88,D#,Minor,80,55,56,13,0,8,9,9
Sticky,Drake,1,2022,6,17,2814,0,96681658,38,105,25,0,2,137,A#,Minor,88,8,49,9,0,9,14,6
Hot Shit (feat. Ye & Lil Durk),"Kanye West, Lil Durk, Cardi B",3,2022,7,1,1601,0,43392106,11,0,2,0,0,157,A,Major,88,52,69,0,0,8,23,30
Ai Preto,"L7nnon, DJ Biel do Furduncinho, Bianca",3,2022,6,3,894,4,88932441,28,0,54,0,0,130,F#,Major,95,83,57,54,0,10,25,8
La Loto,"Anitta, Tini, Becky G",3,2022,7,6,945,0,61200554,49,3,57,0,0,90,C#,Major,85,80,83,10,0,8,11,7
die first,Nessa Barrett,1,2022,6,24,767,0,66531796,25,0,22,0,0,183,G#,Minor,44,44,67,7,0,12,13,9
Afraid To Feel,LF System,1,2022,5,2,5898,5,123618915,129,55,128,0,101,128,C#,Major,58,68,91,2,0,27,11,14
Baile no Morro,"Mc Vitin Da Igrejinha, MC Tairon, DJ Win",3,2022,6,10,685,2,65303905,17,0,24,0,30,130,D#,Minor,71,78,40,46,0,7,45,14
cï¿½ï¿½mo dormi,Rels B,1,2022,8,4,1452,35,167413208,16,15,20,0,0,126,C#,Major,63,56,43,24,0,12,23,15
STAYING ALIVE (feat. Drake & Lil Baby),"Drake, DJ Khaled, Lil Baby",3,2022,8,5,2107,0,86220058,51,1,50,0,0,130,E,Minor,72,18,46,7,0,28,8,38
Si Te La Encuentras Por Ahï¿½,Feid,1,2022,8,5,1379,4,90425997,23,10,18,0,0,172,G#,Minor,74,46,58,15,0,13,8,29
GIVENCHY,Duki,1,2022,7,20,625,4,93544634,13,18,12,0,0,103,G#,Major,61,38,62,14,0,23,40,8
ALIEN SUPERSTAR,Beyoncï¿½,1,2022,7,29,2688,0,86753155,39,47,36,0,0,122,A#,Minor,55,46,64,0,0,17,10,15
Mary On A Cross,Ghost,1,2019,9,13,2668,2,80543224,38,266,78,0,141,130,B,Major,47,56,90,0,0,10,4,15
Attention,NewJeans,1,2022,8,1,799,12,133682283,14,141,9,0,1,105,A#,Minor,81,70,65,24,0,8,4,9
THE SHADE,Rex Orange County,1,2022,3,11,1189,6,123689059,17,10,16,0,4,120,F,Major,90,73,51,39,0,9,6,9
"Come Back Home - From ""Purple Hearts""",Sofia Carson,1,2022,7,12,367,0,49293258,28,67,195,0,0,145,G,Major,56,43,53,24,0,12,4,37
El Rescate,"Grupo Marca Registrada, Junior H",2,2022,7,22,527,4,145075772,10,43,3,1,0,99,G,Minor,79,64,59,28,0,11,14,10
Heartless,Kanye West,1,2008,1,1,17504,34,64201778,63,39,"1,315",0,2,88,A#,Minor,79,66,65,5,0,25,14,9
"Stay With Me (with Justin Timberlake, Halsey, & Pharrell)","Calvin Harris, Halsey, Pharrell Williams, Justin Timberlake",4,2022,7,15,3113,0,62353905,54,6,124,1,0,126,A,Major,81,90,73,28,0,29,4,57
JGL,"Luis R Conriquez, La Adictiva",2,2022,2,18,782,9,163345070,15,33,6,1,0,113,G#,Major,70,97,59,55,0,27,12,3
Don't You Worry,"David Guetta, Shakira, Black Eyed Peas",3,2022,6,16,2442,0,121663596,81,4,248,1,6,132,B,Major,82,49,88,20,0,21,3,15
Pipoco,"Melody, Ana Castela, Dj Chris No Beat",3,2022,5,20,1112,4,96896025,22,2,65,1,3,135,G#,Major,77,74,74,47,0,34,8,6
Forget Me,Lewis Capaldi,1,2022,9,9,2520,4,120902671,93,95,84,9,202,102,C#,Minor,67,72,74,30,0,36,4,9
Bound 2,Kanye West,1,2013,1,1,19806,7,70519660,33,11,274,0,0,149,C#,Major,37,28,66,14,0,9,5,7
Talk that Talk,TWICE,1,2022,8,26,615,0,95685408,14,77,15,1,2,120,D#,Minor,77,78,91,14,0,33,12,14
BILLIE EILISH.,Armani White,1,2022,1,20,2537,0,139951748,49,1,67,11,1,100,C#,Major,90,75,50,11,0,9,26,14
Ferxxo 100,Feid,1,2022,6,3,1647,30,140854557,20,49,23,2,2,164,G#,Minor,70,58,57,25,0,15,7,10
KU LO SA - A COLORS SHOW,Oxlade,1,2022,6,10,2019,8,112317377,117,72,107,1,7,93,A#,Minor,65,79,66,31,0,22,7,24
Prohibidox,Feid,1,2022,9,13,1473,12,93623225,25,36,25,1,0,180,C#,Minor,65,52,80,5,0,6,25,10
Static,Steve Lacy,1,2022,7,15,1613,0,102238660,21,15,13,0,0,79,C#,Major,34,22,31,43,63,10,7,6
Talk,YEAT,1,2022,9,2,920,0,74973097,10,1,8,0,0,140,E,Minor,70,26,76,8,0,54,23,4
XQ Te Pones Asï¿½,"Yandel, Feid",2,2022,9,13,308,0,23782432,6,1,6,0,0,92,A#,Major,81,48,70,13,0,15,7,17
Selfish,PnB Rock,1,2016,6,23,2468,0,50933440,15,0,0,0,0,102,C#,Minor,64,4,60,11,0,19,4,7
Sin Seï¿½ï¿½,"Ovy On The Drums, Quevedo",2,2022,7,22,1097,2,105598677,18,10,13,1,1,118,B,Minor,82,75,85,33,1,11,4,12
Lady Mi Amor,Feid,1,2022,9,13,330,0,27263630,3,0,2,0,0,93,D,Major,78,75,62,6,0,15,6,12
Poland,Lil Yachty,1,2022,6,23,1584,0,58242535,38,0,24,0,0,150,F,Minor,70,26,56,14,83,11,5,6
THE LONELIEST,Mï¿½ï¿½ne,1,2022,10,7,1585,5,113672101,78,65,328,1,198,130,D,Major,52,24,60,0,0,8,3,13
Bye Bye,"Marshmello, Juice WRLD",2,2022,10,14,766,0,42772339,16,0,9,0,0,83,D#,Minor,65,24,53,6,0,51,4,7
BABY OTAKU,"Fran C, Polima WestCoast, Nickoog Clk, Pablito Pesadilla",4,2022,8,18,836,0,80416513,14,1,13,0,0,102,A,Major,84,43,75,5,0,6,8,10
Nxde,(G)I-DLE,1,2022,10,17,430,6,86208311,14,116,9,0,11,136,E,Minor,73,65,91,4,0,48,18,4
we fell in love in october,girl in red,1,2018,11,21,6858,0,126611981,31,21,15,0,4,130,G,Major,57,24,37,11,18,16,3,26
2 Be Loved (Am I Ready),Lizzo,1,2022,7,14,3682,6,125082965,41,0,158,2,68,156,G,Major,72,92,77,9,0,8,11,23
Celestial,Ed Sheeran,1,2022,9,29,1639,0,89119801,86,14,80,0,37,123,D,Major,57,50,85,5,0,16,4,9
Typa Girl,BLACKPINK,1,2022,9,16,452,10,118952351,2,129,13,0,1,132,G,Major,92,53,62,7,0,63,10,9
California Breeze,Lil Baby,1,2022,10,14,991,0,43207465,36,38,13,0,3,162,F,Minor,74,22,67,0,0,11,46,17
Bamba (feat. Aitch & BIA),"Luciano, Aitch, Bï¿½",3,2022,9,22,869,7,73842839,14,12,12,2,28,138,A#,Major,80,82,81,14,0,13,36,25
Casei Com a Putaria,"MC Ryan SP, Love Funk, Mc Paiva ZS",3,2022,7,1,648,4,94789270,0,0,30,0,0,161,A#,Minor,59,62,60,12,0,5,44,19
Major Distribution,"Drake, 21 Savage",2,2022,11,4,1545,0,78205866,22,7,15,0,0,131,G#,Minor,91,23,55,1,0,7,32,18
Pussy & Millions (feat. Travis Scott),"Drake, Travis Scott, 21 Savage",3,2022,11,4,1930,0,96623464,24,8,17,0,1,122,E,Minor,75,45,63,6,0,35,12,37
Vigilante Shit,Taylor Swift,1,2022,10,21,1948,0,128093636,12,9,16,0,0,80,E,Minor,80,16,28,17,0,12,39,14
Question...?,Taylor Swift,1,2022,10,21,1608,0,112647420,10,3,12,0,0,109,G,Major,75,11,50,20,0,30,17,12
On BS,"Drake, 21 Savage",2,2022,11,4,1338,0,86058979,9,20,7,0,0,158,A,Major,84,33,36,2,0,39,59,5
Mastermind,Taylor Swift,1,2022,10,21,1936,0,110251860,7,5,13,0,0,126,E,Major,66,12,35,55,0,9,14,10
Circo Loco,"Drake, 21 Savage",2,2022,11,4,1794,0,71569080,26,9,17,0,3,104,C#,Major,73,25,61,1,0,32,7,10
Spin Bout U,"Drake, 21 Savage",2,2022,11,4,1652,2,100174563,26,52,10,0,95,130,G,Major,77,20,70,1,0,16,5,11
"Would've, Could've, Should've",Taylor Swift,1,2022,10,21,1715,0,89639447,4,5,8,0,0,158,G,Major,48,55,84,43,0,15,12,29
Con La Brisa,"Ludwig Goransson, Foudeqush",2,2022,11,4,486,0,35903320,8,1,7,0,0,114,D,Minor,62,25,44,51,33,14,3,12
Privileged Rappers,"Drake, 21 Savage",2,2022,11,4,1007,0,56780364,6,5,3,0,0,144,F,Major,93,62,61,0,0,12,20,18
The Astronaut,Jin,1,2022,10,28,481,9,102735382,10,100,15,1,27,125,F,Major,54,22,76,0,0,14,3,13
BackOutsideBoyz,Drake,1,2022,11,4,1045,0,47150590,8,5,2,0,0,142,F,Minor,85,40,43,4,0,39,32,15
Broke Boys,"Drake, 21 Savage",2,2022,11,4,1060,0,53655837,3,8,5,0,0,120,D,Major,64,11,53,1,0,25,27,10
The Great War,Taylor Swift,1,2022,10,21,1274,0,91598177,1,6,11,0,0,96,F,Major,57,55,74,22,0,8,4,13
My Mind & Me,Selena Gomez,1,2022,11,3,953,0,46194033,61,13,37,1,0,144,A,Major,60,24,39,57,0,8,3,12
Bigger Than The Whole Sky,Taylor Swift,1,2022,10,21,1180,0,61545274,4,0,8,0,0,166,F#,Major,42,7,24,83,1,12,6,25
A Veces (feat. Feid),"Feid, Paulo Londra",2,2022,11,3,573,0,37124397,2,0,7,0,0,92,C#,Major,80,81,67,4,0,8,6,20
En La De Ella,"Feid, Sech, Jhayco",3,2022,10,20,1320,0,67617261,29,26,17,0,0,97,C#,Major,82,67,77,8,0,12,5,13
Alone,Burna Boy,1,2022,11,4,782,2,48483716,27,18,32,1,0,90,E,Minor,61,32,67,15,0,11,5,5
