track_name,artist_name,artist_count,released_year,released_month,released_day,streams,bpm,key,mode,danceability_%,valence_%,energy_%,acousticness_%,instrumentalness_%,liveness_%,speechiness_%,number_characters
Seven (feat. Latto) (Explicit Ver.),"Latto, Jung Kook",2,2023,7,14,141381703,125,B,Major,80,89,83,31,0,8,4,35
LALA,Myke Towers,1,2023,3,23,133716286,92,C#,Major,71,61,74,7,0,10,4,4
vampire,Olivia Rodrigo,1,2023,6,30,140003974,138,F,Major,51,32,53,17,0,31,6,7
Cruel Summer,Taylor Swift,1,2019,8,23,166638087,170,A,Major,55,58,72,11,0,11,15,12
WHERE SHE GOES,Bad Bunny,1,2023,5,18,303236322,144,A,Minor,65,23,80,14,63,11,6,14
Sprinter,"Dave, Central Cee",2,2023,6,1,183706234,141,C#,Major,92,66,58,19,0,8,24,8
Ella Baila Sola,"Eslabon Armado, Peso Pluma",2,2023,3,16,725980112,148,F,Minor,67,83,76,48,0,8,3,15
Columbia,Quevedo,1,2023,7,7,58149378,100,F,Major,67,26,71,37,0,11,4,8
fukumean,Gunna,1,2023,5,15,95217315,130,C,Minor,85,22,62,12,0,28,9,8
La Bebe - Remix,"Peso Pluma, Yng Lvcas",2,2023,3,17,553634067,170,D,Minor,81,56,48,21,0,8,33,15
un x100to,"Bad Bunny, Grupo Frontera",2,2023,4,17,505671438,83,F#,Minor,57,56,72,23,0,27,5,9
Super Shy,NewJeans,1,2023,7,7,58255150,150,F,Minor,78,52,82,18,0,15,7,9
Daylight,David Kushner,1,2023,4,14,387570742,130,D,Minor,51,32,43,83,0,9,3,8
Kill Bill,SZA,1,2022,12,8,587362101,89,G#,Major,64,43,73,5,17,16,4,9
Cupid - Twin Ver.,Fifty Fifty,1,2023,2,24,496795686,120,B,Minor,78,76,59,43,0,34,3,17
Classy 101,"Feid, Young Miko",2,2023,3,31,335222234,100,B,Major,86,67,66,14,0,12,16,10
Like Crazy,Jimin,1,2023,3,24,363369738,120,G,Major,63,36,73,0,0,36,4,10
LADY GAGA,"Gabito Ballesteros, Junior H, Peso Pluma",3,2023,6,22,86444842,140,F,Minor,65,87,74,22,0,42,4,9
I Can See You (Taylorï¿½ï¿½ï¿½s Version) (From The ,Taylor Swift,1,2023,7,7,52135248,123,F#,Major,69,82,76,6,0,6,3,51
"Peso Pluma: Bzrp Music Sessions, Vol. 55","Bizarrap, Peso Pluma",2,2023,5,31,200647221,133,F,Minor,85,81,67,26,0,12,5,40
Popular (with Playboi Carti & Madonna) - The Idol Vol. 1 (Music from the HBO Original Series),"The Weeknd, Madonna, Playboi Carti",3,2023,6,2,115364561,99,C#,Major,85,83,68,7,0,36,20,93
SABOR FRESA,Fuerza Regida,1,2023,6,22,78300654,130,G,Minor,79,96,86,9,0,9,9,11
Calm Down (with Selena Gomez),"Rï¿½ï¿½ma, Selena G",2,2022,3,25,454087459,107,B,Major,80,82,80,43,0,14,4,29
MOJABI GHOST,"Tainy, Bad Bunny",2,2023,6,29,61245289,122,F#,Minor,81,74,71,14,0,56,4,12
Last Night,Morgan Wallen,1,2023,1,31,429829812,204,F#,Major,52,52,68,46,0,15,4,10
Dance The Night (From Barbie The Album),Dua Lipa,1,2023,5,25,127408954,110,B,Minor,67,78,85,2,0,33,5,39
Rush,Troye Sivan,1,2023,7,13,22581161,126,F,Minor,74,35,84,0,0,11,6,4
TULUM,"Peso Pluma, Grupo Frontera",2,2023,6,28,52294266,168,F#,Major,56,63,87,39,0,11,5,5
Creepin',"The Weeknd, 21 Savage, Metro Boomin",3,2022,12,2,426198401,98,C#,Minor,71,17,61,36,0,8,5,8
Anti-Hero,Taylor Swift,1,2022,10,21,504872713,97,E,Major,64,51,63,12,0,19,5,9
TQG,"Karol G, Shakira",2,2023,2,23,618990393,180,E,Minor,72,61,63,67,0,9,28,3
Frï¿½ï¿½gil (feat. Grupo Front,"Yahritza Y Su Esencia, Grupo Frontera",2,2023,4,7,188933502,150,F#,Major,61,39,73,37,0,11,3,30
Blank Space,Taylor Swift,1,2014,1,1,148121035,96,F,Major,75,57,68,9,0,13,6,11
Style,Taylor Swift,1,2014,1,1,85880223,95,D,Major,60,48,79,0,0,12,4,5
TQM,Fuerza Regida,1,2023,5,19,176553476,125,F,Minor,79,96,85,27,0,11,6,3
El Azul,"Junior H, Peso Pluma",2,2023,2,10,354495408,144,A,Minor,56,84,65,23,0,10,6,7
Sunflower - Spider-Man: Into the Spider-Verse,"Post Malone, Swae Lee",2,2018,10,9,491724901,90,D,Major,76,91,50,54,0,7,5,45
I'm Good (Blue),"Bebe Rexha, David Guetta",2,2022,8,26,560263565,128,G,Minor,56,38,97,4,0,35,4,15
See You Again,"Tyler, The Creator, Kali Uchis",3,2017,7,21,158708777,79,F#,Major,56,58,56,37,0,11,10,13
Angels Like You,Miley Cyrus,1,2020,11,27,146935719,122,F,Major,67,49,64,10,0,10,3,15
Die For You,The Weeknd,1,2016,11,24,220703588,134,C#,Minor,59,51,52,9,0,15,7,11
Starboy,"The Weeknd, Daft Punk",2,2016,9,21,343583074,186,G,Major,68,49,59,16,0,13,28,7
Die For You - Remix,"Ariana Grande, The Weeknd",2,2023,2,24,518745108,67,C#,Minor,53,50,53,23,0,44,7,19
El Cielo,"Feid, Myke Towers, Sky Rompiendo",3,2023,6,2,107753850,106,A#,Minor,72,17,64,7,0,10,5,8
Baby Don't Hurt Me,"David Guetta, Anne-Marie, Coi Leray",3,2023,4,6,177740666,128,G,Major,60,23,91,0,0,12,3,18
AMARGURA,Karol G,1,2023,2,24,153372011,107,F#,Minor,92,55,70,18,0,15,7,8
(It Goes Like) Nanana - Edit,Peggy Gou,1,2023,6,15,57876440,130,G,Minor,67,96,88,12,19,8,4,28
Moonlight,Kali Uchis,1,2023,2,24,256483385,137,G,Minor,64,88,72,51,0,17,5,9
La Bachata,Manuel Turizo,1,2022,5,26,613111893,125,G,Minor,84,85,68,58,0,22,4,10
Tï¿½ï¿½,"dennis, MC Kevin o Chris",2,2023,5,4,111947664,130,B,Major,86,59,96,50,1,9,5,7
Boy's a liar Pt. 2,"PinkPantheress, Ice Spice",2,2023,2,3,156338624,133,F,Major,70,86,81,25,0,25,5,18
Left and Right (Feat. Jung Kook of BTS),"Charlie Puth, BTS, Jung Kook",3,2022,6,24,363819171,101,D,Major,88,72,59,62,0,9,3,39
BESO,"Rauw Alejandro, ROSALï¿½",2,2023,3,24,357925728,95,F,Minor,77,53,64,74,0,17,14,4
Hey Mor,"Ozuna, Feid",2,2022,10,6,340406606,98,C#,Minor,90,40,59,0,0,10,29,7
Karma,Taylor Swift,1,2022,10,21,204304164,90,G#,Major,64,10,62,7,0,48,7,5
People,Libianca,1,2022,12,2,188465916,198,A#,Minor,59,71,42,55,0,10,7,6
Overdrive,Post Malone,1,2023,7,14,14780425,140,C#,Major,56,48,73,0,0,35,4,9
Enchanted (Taylor's Version),Taylor Swift,1,2023,7,7,39578178,82,G#,Major,51,22,53,1,0,15,3,28
BABY HELLO,"Rauw Alejandro, Bizarrap",2,2023,6,23,54266102,130,C#,Minor,77,84,89,17,0,43,5,10
golden hour,JVKE,1,2022,7,15,379322810,94,C#,Minor,51,14,59,65,18,25,3,11
"Quevedo: Bzrp Music Sessions, Vol. 52","Bizarrap, Quevedo",2,2022,7,6,685065145,128,D,Major,62,55,78,1,3,23,4,37
Viva La Vida,Coldplay,1,2008,1,1,115178441,138,F,Minor,49,42,62,9,0,11,3,12
Here With Me,d4vd,1,2022,7,17,320882976,132,E,Major,58,27,48,50,0,12,3,12
Unholy (feat. Kim Petras),"Sam Smith, Kim Petras",2,2022,9,22,621491119,131,D,Major,71,24,47,1,0,27,9,25
Yandel 150,"Yandel, Feid",2,2022,12,20,295776063,168,F#,Minor,78,58,73,5,0,10,7,10
CORAZï¿½ï¿½N VA,Maria Becerra,1,2023,6,22,43857627,98,C#,Major,68,40,79,33,0,30,6,15
Until I Found You (with Em Beihold) - Em Beihold Version,"Em Beihold, Stephen Sanchez",2,2022,4,22,303493208,101,A#,Major,34,32,57,78,0,20,3,56
Novidade na ï¿½ï¿½,"Mc Livinho, DJ Matt D",2,2023,6,23,39709092,130,F,Major,63,36,34,76,0,35,9,18
Back To December (Taylor's Version),Taylor Swift,1,2023,7,7,39228929,142,D,Major,50,20,64,1,0,12,3,35
STAY (with Justin Bieber),"Justin Bieber, The Kid Laroi",2,2021,7,9,906274972,170,C#,Major,59,48,76,4,0,10,5,25
El Merengue,"Marshmello, Manuel Turizo",2,2023,3,3,223633238,124,G#,Minor,78,70,68,3,1,11,4,11
Me Porto Bonito,"Chencho Corleone, Bad Bunny",2,2022,5,6,727582457,92,C#,Minor,91,43,71,9,0,9,8,15
Makeba,Jain,1,2015,6,22,19892002,116,D,Major,82,40,66,39,51,25,7,6
MONTAGEM - FR PUNK,"Ayparia, unxbected",2,2012,6,20,5387593,129,A,Major,63,84,82,70,8,9,7,18
Fast Car,Luke Combs,1,2023,3,24,157058870,98,G#,Major,71,67,60,19,0,12,3,8
What It Is (Solo Version),Doechii,1,2023,3,17,95131998,172,C#,Minor,74,76,76,6,0,10,9,25
Coco Chanel,"Bad Bunny, Eladio Carrion",2,2023,3,17,250305248,150,D,Major,68,14,76,4,0,10,4,11
Donï¿½ï¿½ï¿½t Bl,Taylor Swift,1,2017,11,8,103830142,136,A,Minor,62,19,53,11,0,6,4,16
Still With You,Jung Kook,1,2020,6,5,9892970,88,C#,Minor,53,34,47,9,0,83,4,14
All My Life (feat. J. Cole),"J. Cole, Lil Durk",2,2023,5,12,144565150,143,D#,Major,83,69,44,15,0,10,33,27
Say Yes To Heaven,Lana Del Rey,1,2023,3,17,127567540,100,F#,Minor,49,17,35,71,9,11,3,17
Snooze,SZA,1,2022,12,9,201841746,143,F,Major,56,39,55,14,0,11,13,6
Summertime Sadness,Lana Del Rey,1,2011,1,1,85072996,112,C#,Minor,56,24,66,7,0,12,3,18
Take Two,BTS,1,2023,6,9,118482347,93,G,Major,62,57,59,3,0,38,3,8
Lover,Taylor Swift,1,2012,1,1,81928356,206,G,Major,43,50,55,50,0,15,10,5
Too Many Nights (feat. Don Toliver & with Future),"Future, Metro Boomin, Don Toliver",3,2022,12,2,144632035,88,G,Minor,68,17,71,15,0,11,5,49
Chemical,Post Malone,1,2023,4,14,172825906,170,D,Major,50,37,90,0,0,12,5,8
New Jeans,NewJeans,1,2023,7,7,29562220,134,E,Minor,81,53,72,51,0,12,5,9
Primera Cita,Carin Leon,1,2022,4,20,39041340,158,A#,Major,54,50,40,61,0,10,6,12
Cold Heart - PNAU Remix,"Dua Lipa, Elton John, Pnau",3,2017,11,10,243303318,116,C#,Major,80,92,80,4,0,10,3,23
Dandelions,Ruth B.,1,2017,4,28,169302638,117,C#,Major,61,45,69,2,0,9,3,10
Bones,Imagine Dragons,1,2021,3,11,284965415,114,F,Minor,77,65,72,2,0,7,5,5
Set Fire to the Rain,Adele,1,2011,1,1,100639410,108,D,Minor,61,47,68,0,0,13,3,20
Money Trees,"Kendrick Lamar, Jay Rock",2,2012,1,1,101488602,144,E,Minor,74,37,53,7,0,21,10,11
Tak Segampang Itu,Anggi Marito,1,2022,12,2,90727913,130,F,Major,51,18,44,76,0,11,3,17
LAGUNAS,"Jasiel Nuï¿½ï¿½ez, Peso P",2,2023,6,22,39058561,116,B,Major,77,79,62,33,1,15,3,7
Mine (Taylor's Version),Taylor Swift,1,2023,7,7,36912123,121,G,Major,65,49,78,0,0,17,4,23
No Role Modelz,J. Cole,1,2014,12,9,195643706,100,A#,Minor,70,47,52,30,0,6,33,14
Tattoo,Loreen,1,2023,2,25,201660859,150,D#,Minor,55,30,78,24,0,12,8,6
Rara Vez,"Taiu, Milo j",2,2023,2,8,248088961,120,F,Minor,84,96,71,18,0,34,17,8
VAGABUNDO,"Sebastian Yatra, Manuel Turizo, Beï¿½ï¿½",3,2023,5,12,90839753,127,B,Minor,82,89,85,4,0,23,6,9
august,Taylor Swift,1,2020,7,24,156364268,90,F,Major,51,42,61,53,0,9,3,6
LUNA,"Junior H, Peso Pluma",2,2023,6,22,55842345,128,A,Minor,75,79,63,33,0,15,4,4
Miracle (with Ellie Goulding),"Calvin Harris, Ellie Goulding",2,2023,3,10,211050784,143,A,Major,64,31,87,4,4,8,4,29
Nonsense,Sabrina Carpenter,1,2022,7,15,173163401,139,G#,Major,74,68,68,3,0,26,4,8
Que Vuelvas,"Carin Leon, Grupo Frontera",2,2022,12,9,1394,162,A#,Major,49,78,64,19,0,11,4,11
Feliz Cumpleaï¿½ï¿½os Fe,Feid,1,2022,8,19,303941129,95,F,Major,87,57,55,10,0,29,7,24
Can't Hold Us (feat. Ray Dalton),"Ray Dalton, Ryan Lewis, Macklemore",3,2011,8,16,168957542,146,D,Major,63,88,93,3,0,10,8,32
lovely - Bonus Track,"Billie Eilish, Khalid",2,2017,8,11,357055642,115,E,Minor,35,12,30,93,0,10,3,20
"Rauw Alejandro: Bzrp Music Sessions, Vol. 56","Rauw Alejandro, Bizarrap",2,2023,6,21,66902503,128,B,Major,78,59,65,10,0,26,5,44
Queencard,(G)I-DLE,1,2023,5,15,96273746,130,E,Minor,82,69,83,3,0,27,5,9
OMG,NewJeans,1,2023,1,2,430977451,127,A,Minor,80,74,77,36,0,11,4,3
Radio,Lana Del Rey,1,2011,1,1,24633546,150,D,Major,42,20,86,21,0,9,9,5
"Shakira: Bzrp Music Sessions, Vol. 53","Shakira, Bizarrap",2,2023,1,11,721975598,122,D,Minor,78,50,63,27,0,9,5,37
Trance (with Travis Scott & Young Thug),"Travis Scott, Young Thug, Metro Boomin",3,2022,12,2,139510838,119,C#,Minor,75,48,53,18,0,18,34,39
"Tere Vaaste (From ""Zara Hatke Zara Bachke"")","Sachin-Jigar, Shadab Faridi, Altamash Faridi, Amitabh Bhattacharya, Varun Jain",5,2023,5,22,54225632,110,G,Minor,76,96,72,32,0,9,4,43
Perfect,Ed Sheeran,1,2017,1,1,387946928,95,G#,Major,60,17,45,16,0,11,2,7
Romantic Homicide,d4vd,1,2022,7,20,344199365,132,F#,Major,56,20,55,45,1,32,3,17
Believer,Imagine Dragons,1,2017,1,31,393177758,125,A#,Minor,77,74,78,4,0,23,11,8
Novo Balanï¿½,"Veigh, Bvga Beatz, Supernova Ent, Prod Malax",4,2023,5,19,81102253,124,D#,Minor,84,65,50,67,0,13,6,13
"Gol Bolinha, Gol Quadrado 2","Mc Pedrinho, DJ 900",2,2023,6,1,11956641,133,B,Minor,93,68,65,42,0,12,25,27
Stargirl Interlude,"The Weeknd, Lana Del Rey",2,2016,11,24,81920687,90,F,Minor,59,52,48,38,5,10,11,18
Ojitos Lindos,"Bomba Estï¿½ï¿½reo, Bad B",2,2022,5,6,572602033,80,D#,Minor,65,27,69,8,0,53,4,13
Those Eyes,New West,1,2019,5,10,85675996,120,E,Major,60,24,35,73,0,31,3,10
El Gordo Trae El Mando,Chino Pacas,1,2023,1,27,255932395,140,G,Minor,74,96,80,18,0,5,5,22
Mi Bello Angel,Natanael Cano,1,2023,6,30,31873544,128,A,Minor,81,90,77,1,0,9,5,14
Nosso Quadro,"Ana Castela, AgroPlay",2,2023,2,2,233801632,160,A,Major,69,61,71,33,0,31,20,12
Locked Out Of Heaven,Bruno Mars,1,2012,12,5,137472001,144,F,Major,73,87,70,6,0,28,5,20
Un Finde | CROSSOVER #2,"Big One, FMK, Ke personajes",3,2023,4,4,142095275,192,B,Major,50,85,52,11,0,28,6,23
Counting Stars,OneRepublic,1,2013,1,1,201688358,122,C#,Minor,66,48,71,6,0,12,4,14
PRC,"Natanael Cano, Peso Pluma",2,2023,1,23,436027885,138,G,Minor,78,89,83,10,0,12,5,3
One Dance,"Drake, WizKid, Kyla",3,2016,4,4,363456243,104,C#,Major,77,36,63,1,0,36,5,9
Enchanted,Taylor Swift,1,2010,1,1,50404966,164,G#,Major,45,24,62,8,0,16,3,9
Sure Thing,Miguel,1,2010,5,25,77100557,81,B,Minor,68,51,60,3,0,19,10,10
The Night We Met,Lord Huron,1,2015,2,2,169499577,174,D,Major,45,10,37,97,25,64,4,16
We Found Love,"Rihanna, Calvin Harris",2,2011,1,1,106813354,128,C#,Major,73,60,77,3,0,11,4,13
Let Me Down Slowly,Alec Benjamin,1,2018,5,25,240702476,150,C#,Minor,65,51,55,73,0,14,3,18
"Am I Dreaming (Metro Boomin & A$AP Rocky, Roisee)","A$AP Rocky, Metro Boomin, Roisee",3,2023,6,2,94186466,90,A,Minor,60,13,53,4,0,21,4,49
Do I Wanna Know?,Arctic Monkeys,1,2013,1,1,179314465,85,F,Major,55,42,53,17,0,22,3,16
Demons,Imagine Dragons,1,2012,1,1,170789219,180,D#,Major,33,38,71,20,0,28,5,6
ï¿½ï¿½ï¿½ï¿½ï¿½ï¿½ï¿½ï¿½ï¿½ï¿½ï¿½ï¿½,YOASOBI,1,2023,4,12,143573775,166,C#,Major,57,84,94,11,0,37,9,36
Reminder,The Weeknd,1,2016,11,25,91693743,160,G#,Major,71,40,50,16,0,16,22,8
Shake It Off,Taylor Swift,1,2014,1,1,121672527,160,G,Major,65,95,80,5,0,41,16,12
Why'd You Only Call Me When You're High?,Arctic Monkeys,1,2013,1,1,127074787,92,D,Major,70,81,63,4,0,8,4,40
Shape of You,Ed Sheeran,1,2017,1,6,539973534,96,C#,Minor,83,93,65,58,0,9,8,12
Car's Outside,James Arthur,1,2019,10,18,55324585,150,A,Major,34,24,56,4,0,11,3,13
Apocalypse,Cigarettes After Sex,1,2017,3,21,127583683,94,F,Major,37,17,47,2,46,11,3,10
Cheques,Shubh,1,2023,5,19,47956378,90,E,Minor,74,36,63,26,0,27,5,7
Pink + White,Frank Ocean,1,2016,8,20,107995002,160,A,Major,54,54,55,67,0,42,11,12
Just The Way You Are,Bruno Mars,1,2010,1,1,133088705,109,F,Major,63,46,85,1,0,9,5,20
Take Me To Church,Hozier,1,2013,9,13,214091110,129,E,Minor,57,41,66,63,0,12,5,17
Bebe Dame,"Fuerza Regida, Grupo Frontera",2,2022,12,16,185494654,157,G,Major,54,75,60,30,0,7,5,9
You Belong With Me (Taylorï¿½ï¿½ï¿½s Ve,Taylor Swift,1,2021,4,9,119137344,130,F#,Major,63,49,73,5,0,9,3,39
Titi Me Preguntï¿½,Bad Bunny,1,2022,5,6,638476761,107,F,Minor,65,19,72,10,0,13,25,18
Better Than Revenge (Taylor's Version),Taylor Swift,1,2023,7,7,30343206,146,B,Minor,50,67,89,0,0,19,8,38
Shut up My Moms Calling,Hotel Ugly,1,2020,2,10,104342678,139,A,Minor,48,37,41,32,0,10,10,23
Es un Secreto,Plan B,1,2010,7,20,43836852,95,F#,Minor,84,52,77,12,0,7,4,13
POLARIS - Remix,"Feid, Mora, Saiko, Quevedo",4,2023,6,8,57312735,170,G#,Minor,62,55,80,15,0,37,7,15
Ditto,NewJeans,1,2022,12,19,200778873,134,F#,Minor,81,18,64,3,0,10,11,5
"Annihilate (Spider-Man: Across the Spider-Verse) (Metro Boomin & Swae Lee, Lil Wayne, Offset)","Swae Lee, Lil Wayne, Offset, Metro Boomin",4,2023,6,2,86773632,146,B,Minor,61,20,48,21,0,12,6,93
"Angel Pt 1 (feat. Jimin of BTS, JVKE & Muni Long)","Kodak Black, NLE Choppa, Muni Long, JVKE, Jimin",5,2023,5,1,133753727,74,A#,Minor,53,24,67,11,0,10,28,49
Acrï¿½ï¿½s,Shakira,1,2023,5,11,123124076,144,B,Major,75,35,48,84,0,10,12,10
AMG,"Natanael Cano, Gabito Ballesteros, Peso Pluma",3,2022,11,24,234100226,136,B,Minor,77,79,73,15,0,27,10,3
"Phir Aur Kya Chahiye (From ""Zara Hatke Zara Bachke"")","Arijit Singh, Sachin-Jigar, Amitabha Bhattacharya",3,2023,5,15,64533040,100,E,Major,56,53,55,53,0,12,4,52
S-Class,Stray Kids,1,2023,6,2,65496046,105,F,Minor,89,67,78,9,0,7,33,7
Hits Different,Taylor Swift,1,2023,5,26,68616963,106,F,Major,67,24,78,15,0,30,4,14
Chanel,"Becky G, Peso Pluma",2,2023,3,30,161460990,132,D,Major,85,53,68,40,0,9,4,6
Self Love (Spider-Man: Across the Spider-Verse) (Metro Boomin & Coi Leray),"Metro Boomin, Coi Leray",2,2023,6,2,70106975,120,A,Major,78,5,30,21,0,13,5,74
Area Codes,"Kaliii, Kaliii",2,2023,3,17,113509496,155,C#,Major,82,51,39,2,0,9,49,10
Abcdario,"Junior H, Eden Muï¿½ï¿½",2,2023,5,13,89933133,129,G#,Major,70,42,43,78,0,11,3,8
Obsessed,"Abhijay Sharma, Riar Saab",2,2022,9,29,35858593,135,F,Minor,80,85,74,62,0,8,9,8
Piï¿½ï¿½man Deï¿½,"Semicenk, Doï¿½ï¿½u ",2,2023,6,2,43522589,98,A#,Minor,73,45,62,28,0,13,13,17
FLOWER,JISOO,1,2023,3,31,232896922,124,A,Minor,84,64,39,3,0,11,4,6
"All The Way Live (Spider-Man: Across the Spider-Verse) (Metro Boomin & Future, Lil Uzi Vert)","Future, Lil Uzi Vert, Metro Boomin",3,2023,6,2,37126685,135,A,Minor,77,28,55,18,0,22,15,92
Eyes Closed,Ed Sheeran,1,2023,3,23,195576623,107,D,Major,78,39,53,30,0,11,6,11
Escapism.,"RAYE, 070 Shake",2,2022,10,12,268829769,96,D,Major,54,25,74,14,0,9,11,9
La Jumpa,"Arcangel, Bad Bunny",2,2022,11,30,271748082,123,G#,Major,71,58,70,30,0,32,19,8
Karma (feat. Ice Spice),"Taylor Swift, Ice Spice",2,2023,5,26,46142772,90,G#,Major,62,7,62,6,0,58,6,23
Superhero (Heroes & Villains) [with Future & Chris Brown],"Future, Chris Brown, Metro Boomin",3,2022,12,2,202523271,117,F,Minor,72,45,59,14,0,20,21,57
Las Morras,"BLESSD, Peso Pluma",2,2023,4,4,127026613,133,A,Minor,78,90,84,31,0,7,4,10
CHORRITO PA LAS ANIMAS,Feid,1,2022,12,2,174240956,96,G#,Minor,74,61,83,11,0,35,6,22
Ch y la Pizza,"Fuerza Regida, Natanael Cano",2,2022,12,1,145491285,149,G#,Major,66,85,60,40,0,14,13,13
Snow On The Beach (feat. More Lana Del Rey),"Lana Del Rey, Taylor Swift",2,2023,5,26,60350538,110,F#,Minor,66,32,40,81,0,11,3,43
Players,Coi Leray,1,2022,11,30,169212709,105,F#,Major,95,62,52,3,0,5,16,7
Bite Me,ENHYPEN,1,2023,5,22,76767396,105,C#,Major,80,69,78,28,0,11,14,7
Stand By Me (feat. Morgan Wallen),"Lil Durk, Morgan Wallen",2,2023,5,26,46065667,134,B,Major,76,61,58,6,0,16,3,33
Normal,Feid,1,2022,7,8,231934523,170,E,Minor,71,59,56,4,0,27,12,6
Hummingbird (Metro Boomin & James Blake),"James Blake, Metro Boomin",2,2023,6,2,39666245,81,F#,Major,59,26,60,46,1,25,13,40
Seu Brilho Sumiu - Ao Vivo,"Israel & Rodolffo, Mari Fernandez",2,2023,3,1,138517666,154,F#,Major,63,75,92,31,0,91,5,26
Bad Habit,Steve Lacy,1,2022,6,29,415429990,169,C#,Major,69,69,51,63,0,38,4,9
CUFF IT,Beyoncï¿½,1,2022,7,29,300929775,115,G,Major,78,64,69,4,0,7,14,7
Lilith (feat. SUGA of BTS) (Diablo IV Anthem),"Halsey, Suga",2,2023,6,5,51985779,84,A,Minor,43,14,74,1,0,19,8,45
69,"Nicky Jam, Feid",2,2023,5,18,57945987,93,G#,Major,79,58,62,11,0,11,23,2
Niï¿½ï¿½a Bo,"Sean Paul, Feid",2,2023,4,21,115010040,91,G,Major,82,47,62,10,0,10,15,12
Search & Rescue,Drake,1,2023,4,7,175097833,142,A#,Minor,82,54,44,6,0,33,7,15
AMERICA HAS A PROBLEM (feat. Kendrick Lamar),"Kendrick Lamar, Beyoncï¿½",2,2023,5,19,57089066,126,C#,Major,78,20,70,1,0,16,4,44
Lavender Haze,Taylor Swift,1,2022,10,21,246635251,97,A#,Major,73,10,44,26,0,16,8,13
"Link Up (Metro Boomin & Don Toliver, Wizkid feat. BEAM & Toian) - Spider-Verse Remix (Spider-Man: Across the Spider-Verse )","WizKid, Toian, Metro Boomin, Don Toliver, Beam",5,2023,6,2,32761689,101,F,Major,92,59,51,41,51,26,8,123
Efecto,Bad Bunny,1,2022,5,6,528977252,98,G,Minor,80,23,48,14,0,6,5,6
Erro Gostoso - Ao Vivo,Simone Mendes,1,2023,1,27,153454328,154,F#,Major,59,63,89,18,0,80,9,22
Cupido,Tini,1,2023,2,14,217672943,120,A,Major,91,63,58,52,0,31,22,6
Just Wanna Rock,Lil Uzi Vert,1,2022,10,17,230878262,150,B,Major,49,4,55,7,0,6,3,15
Until I Found You,Stephen Sanchez,1,2021,9,1,247003500,202,A#,Major,34,25,51,69,0,18,4,17
Rich Flex,"Drake, 21 Savage",2,2022,11,4,289684579,153,B,Minor,56,42,52,5,0,36,24,9
Easy On Me,Adele,1,2021,10,14,478108458,142,F,Major,60,13,37,58,0,13,3,10
Cartï¿½ï¿½o B,"MC Caverinha, KayBlack",2,2023,5,11,71573339,108,A,Minor,84,55,47,26,0,20,64,13
Danger (Spider) (Offset & JID),"Offset, JID",2,2023,6,2,24975653,143,B,Major,83,25,69,4,0,23,12,30
Oi Balde - Ao Vivo,Zï¿½ï¿½ Neto & Crist,1,2023,2,14,145458418,108,D,Major,67,55,67,60,0,80,5,18
MERCHO,"Migrantes, LiL CaKe, Nico Valdi",3,2022,12,16,116822680,93,F#,Minor,84,96,79,43,0,18,11,6
The Color Violet,Tory Lanez,1,2021,12,10,141426170,105,F#,Minor,65,46,53,16,0,9,5,16
Glimpse of Us,Joji,1,2022,6,10,499200284,170,G#,Major,44,27,32,89,0,14,5,13
Mejor Que Yo,"Mambo Kingz, DJ Luian, Anuel Aa",3,2023,5,4,50847624,178,C#,Minor,62,56,66,18,0,12,5,12
Curtains,Ed Sheeran,1,2023,5,5,39893489,176,F#,Minor,50,44,76,10,0,32,5,8
UNFORGIVEN (feat. Nile Rodgers),"Nile Rodgers, LE SSERAFIM",2,2023,5,1,92035115,104,E,Minor,80,38,88,11,0,11,5,31
Haegeum,Agust D,1,2023,4,21,118810253,85,G,Major,70,83,84,31,0,47,30,7
Conexï¿½ï¿½es de Mï¿½ï¿½fia (feat. Rich ,"Rich The Kid, Matuï¿½",2,2023,4,30,77233241,117,F#,Minor,77,69,58,39,0,26,5,40
Never Felt So Alone,Labrinth,1,2023,4,7,117747907,98,F,Major,44,36,41,50,0,38,5,19
X SI VOLVEMOS,"Karol G, Romeo Santos",2,2023,2,2,266624541,178,C#,Minor,79,58,78,34,0,11,25,13
ceilings,Lizzy McAlpine,1,2022,4,8,148059382,148,A,Major,51,27,33,48,0,22,3,8
Cupid,Fifty Fifty,1,2023,2,24,139681964,120,D,Major,77,94,66,65,0,38,3,5
I AM,IVE,1,2023,4,10,123132751,122,E,Minor,68,38,88,1,0,8,5,4
Shorty Party,"Cartel De Santa, La Kelly",2,2023,3,4,162887075,96,D,Major,93,47,47,33,0,10,36,12
Super,SEVENTEEN,1,2023,4,24,91221625,137,G#,Major,77,35,88,16,0,17,9,5
Slut Me Out,NLE Choppa,1,2022,4,22,96197880,121,F#,Minor,94,71,61,12,0,53,42,11
Double Fantasy (with Future),"The Weeknd, Future",2,2023,4,21,96180277,119,A,Minor,60,10,57,1,0,50,3,28
All Of The Girls You Loved Before,Taylor Swift,1,2019,8,23,38544666,96,D,Major,72,40,47,71,0,13,4,33
PROVENZA,Karol G,1,2022,4,21,446972053,111,C#,Major,87,53,52,66,1,11,5,8
Princess Diana (with Nicki Minaj),"Nicki Minaj, Ice Spice",2,2023,4,14,104992946,148,A,Major,90,74,68,14,0,10,19,33
Di Que Si,"Grupo Marca Registrada, Grupo Frontera",2,2023,2,3,147290338,182,A,Major,57,80,59,8,0,6,5,9
Igualito a Mi Apï¿½,"Fuerza Regida, Peso Pluma",2,2022,12,30,80270217,145,E,Minor,76,80,81,19,0,6,9,19
Shoong! (feat. LISA of BLACKPINK),"TAEYANG, Lisa",2,2023,4,25,76910644,110,B,Minor,76,26,70,1,0,41,6,33
Komang,Raim Laode,1,2022,8,16,69247536,134,G,Major,70,35,41,41,0,10,3,6
DESPECHï¿½,ROSALï¿½,1,2022,7,28,395096408,130,G,Major,92,78,62,18,0,6,10,10
Made You Look,Meghan Trainor,1,2022,10,21,253800267,145,A#,Major,84,88,53,35,0,8,7,13
Watch This - ARIZONATEARS Pluggnb Remix,"sped up nightcore, ARIZONATEARS, Lil Uzi Vert",3,2023,2,5,207033255,130,B,Minor,69,36,90,1,10,15,4,39
Punto G,Quevedo,1,2022,11,4,192486255,92,B,Minor,75,55,76,25,0,10,15,7
Lovers Rock,TV Girl,1,2014,6,5,50929829,105,F,Minor,56,57,87,0,1,10,4,11
METAMORPHOSIS,INTERWORLD,1,2021,11,25,121585174,175,G,Minor,59,15,64,43,90,12,10,13
Mami Chula,"Quevedo, Jhayco",2,2023,4,27,61105704,120,G,Minor,80,33,70,22,0,9,4,10
En Paris,"El Chachito, Junior H",2,2022,12,24,100129045,139,D#,Minor,70,77,48,37,0,12,5,8
I Was Never There,"The Weeknd, Gesaffelstein",2,2018,3,29,123534588,114,A#,Major,32,17,74,14,0,17,3,17
Don't ever say love me (feat. RM of BTS),"RM, Colde",2,2023,5,4,34502215,145,B,Minor,54,19,48,36,0,37,5,40
Gato de Noche,"Nengo Flow, Bad Bunny",2,2022,12,22,153579842,94,G#,Major,89,61,66,17,0,36,16,13
Call Out My Name,The Weeknd,1,2018,3,29,253873927,134,C#,Major,45,17,60,21,0,33,4,16
Like Crazy (English Version),Jimin,1,2023,3,24,173627354,120,G,Major,62,32,76,0,0,39,4,28
Rosa Pastel,"Jasiel Nuï¿½ï¿½ez, Peso P",2,2023,2,2,90025258,123,G,Minor,70,86,68,24,0,11,4,11
Sunroof,"Nicky Youre, Dazy",2,2021,12,3,221933793,131,A#,Major,77,84,71,35,0,15,4,7
Mas Rica Que Ayer,"Mambo Kingz, DJ Luian, Anuel Aa",3,2023,3,2,146409671,94,B,Major,82,53,67,34,0,9,8,17
People Pt.2 (feat. IU),"IU, Agust D",2,2023,4,7,95816024,89,G,Minor,73,44,57,39,0,32,6,22
REMIX EXCLUSIVO,Feid,1,2023,3,17,117206995,87,F,Minor,65,71,56,4,0,15,20,15
"Arcï¿½ï¿½ngel: Bzrp Music Sessions, Vol","Arcangel, Bizarrap",2,2023,3,22,100409613,124,B,Minor,72,79,78,55,0,15,30,39
DOGTOOTH,"Tyler, The Creator",2,2023,3,27,80758350,78,G#,Major,71,80,65,51,0,22,32,8
10:35,"Tiï¿½ï¿½sto, Tate M",2,2022,11,1,164424123,120,G#,Major,70,70,79,7,0,18,10,5
SORRY NOT SORRY,"Tyler, The Creator",2,2023,3,31,58473276,96,F#,Minor,48,50,80,40,0,37,20,15
HAPPY,NF,1,2023,3,25,52722996,106,G,Major,73,22,86,31,0,12,4,5
La Bebe,Yng Lvcas,1,2021,12,24,65265682,170,D,Minor,78,75,46,62,0,12,35,7
I Know - PR1SVX Edit,"Kanii, PR1ISVX",2,2023,3,24,77377503,134,B,Minor,67,11,76,8,47,30,7,20
Late Night Talking,Harry Styles,1,2022,5,20,375565150,115,A#,Major,71,90,73,30,0,11,5,18
Leï¿½,Marï¿½ï¿½lia Mendo,1,2022,12,9,135233707,130,F#,Major,74,79,87,45,0,30,3,5
Something in the Orange,Zach Bryan,1,2022,4,22,227099320,110,G,Major,59,22,38,42,0,12,3,23
VOID,Melanie Martinez,1,2023,3,29,67070410,100,A,Major,72,42,66,18,4,19,4,4
Dijeron Que No La Iba Lograr,"Fuerza Regida, Chino Pacas",2,2023,3,14,116334601,142,G,Minor,70,76,79,26,0,11,7,28
If We Ever Broke Up,Mae Stephens,1,2023,2,10,165584767,116,G,Major,90,96,73,62,0,9,4,19
You Proof,Morgan Wallen,1,2022,5,13,185746163,120,A,Major,73,64,85,25,0,61,3,9
LA INOCENTE,"Feid, Mora",2,2022,4,1,240901862,92,F,Minor,76,46,79,31,0,7,6,11
Malas Decisiones,Kenia OS,1,2022,10,26,78888397,110,G#,Minor,81,64,79,5,0,31,3,16
Murder In My Mind,Kordhell,1,2022,1,21,226665996,120,A#,Major,71,57,97,1,0,13,11,17
CAIRO,"Karol G, Ovy On The Drums",2,2022,11,13,148647783,115,F,Minor,95,43,69,47,0,9,31,5
I Love You So,The Walters,1,2014,11,28,106196480,76,A#,Major,58,46,67,65,0,13,4,13
Dark Red,Steve Lacy,1,2017,2,20,139451003,172,F#,Major,60,77,78,45,0,12,6,8
Say You Won't Let Go,James Arthur,1,2016,9,9,324155105,99,A#,Major,40,45,56,69,0,9,5,20
Heart To Heart,Mac DeMarco,1,2019,5,10,50908330,150,G#,Minor,90,64,14,67,35,11,10,14
Peaches (from The Super Mario Bros. Movie),Jack Black,1,2023,4,7,68216992,92,A#,Minor,71,41,31,79,0,10,5,42
Marisola - Remix,"Duki, NICKI NICOLE, Cris Mj, Standly, Stars Music Chile",5,2022,12,15,112909158,95,C#,Major,77,72,87,17,0,7,5,16
LOKERA,"Brray, Rauw Alejandro, Lyanno",3,2022,7,25,238268902,102,B,Minor,83,58,83,21,0,10,5,6
on the street (with J. Cole),"j-hope, J. Cole",2,2023,3,3,116599790,94,B,Minor,68,81,82,53,0,9,13,28
One Thing At A Time,Morgan Wallen,1,2022,12,2,74977038,142,G,Major,61,92,91,0,0,26,3,19
Miss You,"Robin Schulz, Oliver Tree",2,2022,8,5,251098711,145,F#,Minor,59,20,74,1,0,15,5,8
Ainï¿½ï¿½ï¿½t Tha,Morgan Wallen,1,2023,3,3,88791109,121,F#,Minor,64,67,80,0,0,36,3,17
Thinkinï¿½ï¿½ï¿½ B,Morgan Wallen,1,2023,3,3,125917280,140,D#,Minor,66,43,76,49,0,12,3,18
Private Landing (feat. Justin Bieber & Future),"Don Toliver, Future, Justin Bieber",3,2023,2,23,105062254,137,C#,Minor,84,44,67,8,0,11,6,46
Everything I Love,Morgan Wallen,1,2023,1,31,95623148,104,G#,Major,56,72,85,0,0,15,3,17
Heaven,Niall Horan,1,2023,2,17,144584800,92,F,Major,57,68,76,7,0,33,3,6
LET GO,Central Cee,1,2022,12,15,150522143,146,D,Minor,74,51,45,86,0,21,38,6
Sial,Mahalini,1,2023,1,23,166570053,120,D,Major,56,20,43,89,0,12,4,4
I Wrote The Book,Morgan Wallen,1,2023,1,31,83021468,144,D,Major,68,83,81,9,0,8,4,16
"Apna Bana Le (From ""Bhediya"")","Arijit Singh, Sachin-Jigar",2,2022,11,5,70617184,94,A,Major,59,44,56,80,0,6,3,29
SPIT IN MY FACE!,ThxSoMch,1,2022,10,31,153124177,94,G#,Major,73,65,79,5,2,11,6,16
PLAYA DEL INGLï¿½,"Myke Towers, Quevedo",2,2022,12,15,111811842,113,G,Minor,79,66,74,8,0,11,5,17
Man Made A Bar (feat. Eric Church),"Morgan Wallen, Eric Church",2,2023,3,3,58890931,148,E,Major,50,49,76,12,0,12,3,34
Red Ruby Da Sleeze,Nicki Minaj,1,2023,3,3,81419389,98,C#,Major,70,29,73,12,0,11,26,18
Kahani Suno 2.0,Kaifi Khalil,1,2022,5,31,79172568,140,B,Major,58,26,38,91,0,10,4,15
Nobody Gets Me,SZA,1,2022,12,9,143878652,100,G,Major,36,28,28,81,0,18,3,14
PERO Tï¿½,"Karol G, Quevedo",2,2023,2,23,93438910,140,F#,Major,86,68,79,39,0,11,29,9
Hype Boy,NewJeans,1,2022,8,1,183553626,100,E,Minor,59,78,94,27,0,29,23,8
Bloody Mary,Lady Gaga,1,2011,1,1,32214796,100,A,Minor,59,49,65,2,0,13,3,11
ï¿½ï¿½ï¿½98 Braves,Morgan Wallen,1,2023,3,3,56533272,142,D,Major,49,48,67,10,0,26,3,18
WANDA,Quevedo,1,2023,1,20,175399345,176,E,Minor,72,96,63,25,0,21,7,5
Thought You Should Know,Morgan Wallen,1,2022,5,6,102626807,140,F#,Major,53,51,70,49,0,14,3,23
Zona De Perigo,Leo Santana,1,2022,12,8,67818699,135,F,Major,81,97,77,75,0,35,3,14
Lovezinho,Treyce,1,2022,7,28,35385209,128,E,Minor,82,61,59,30,0,12,4,9
I Like You (A Happier Song) (with Doja Cat),"Post Malone, Doja Cat",2,2022,6,3,307693069,101,F,Major,74,43,69,12,0,12,7,43
Neverita,Bad Bunny,1,2022,5,6,339039698,122,A#,Major,88,43,50,7,0,14,5,8
Sem Alianï¿½ï¿½a no ,"MC Xenon, Os Gemeos da Putaria",2,2022,12,23,47261755,83,C#,Major,53,40,36,73,0,11,33,20
Enemy (with JID) - from the series Arcane League of Legends,"Imagine Dragons, League of Legends, JID, Arcane",4,2021,9,3,416010232,77,B,Minor,72,59,76,24,0,42,28,59
Revenge,XXXTENTACION,1,2017,8,25,154943323,140,B,Minor,75,18,25,78,0,11,26,7
Bombonzinho - Ao Vivo,"Israel & Rodolffo, Ana Castela",2,2022,11,3,133043877,158,C#,Major,65,72,95,31,0,92,5,21
LA CANCIï¿½,"J Balvin, Bad Bunny",2,2019,6,28,298619781,176,G,Major,75,43,65,15,0,11,32,11
Quï¿½ï¿½ Ago,"Yuridia, Angela Aguilar",2,2022,10,20,119612802,98,B,Major,73,88,57,56,0,5,2,12
Love Again,The Kid Laroi,1,2023,1,27,147538971,107,B,Minor,66,47,40,72,0,11,3,10
After Hours,The Weeknd,1,2020,2,19,179791556,109,F,Minor,66,16,57,10,1,12,3,11
About Damn Time,Lizzo,1,2022,7,15,365566588,109,A#,Minor,84,72,74,10,0,34,7,15
ï¿½ï¿½ï¿½ï¿½ï¿½ï¿½ï¿½ï¿½ï¿½ï¿½ï¿½ï¿½ï¿½ï¿½ï¿½ï¿½ï¿½ï¿½ï¿½ï¿½ï¿½,Fujii Kaze,1,2020,5,20,103817442,158,F#,Minor,60,52,76,17,0,19,5,63
Besos Moja2,"Wisin & Yandel, ROSALï¿½",2,2022,9,29,156289353,94,F,Minor,74,64,73,6,0,10,6,11
Maan Meri Jaan,King,1,2022,10,12,161381214,96,F#,Minor,70,40,51,35,0,10,4,14
Moscow Mule,Bad Bunny,1,2022,5,6,459045856,100,F,Minor,80,29,67,29,0,12,3,11
My Universe,"Coldplay, BTS",2,2021,9,24,361091739,105,A,Major,58,42,68,1,0,14,4,11
LLYLM,ROSALï¿½,1,2023,1,27,124988687,170,F#,Minor,56,56,63,13,0,19,27,5
TRUSTFALL,P!nk,1,2023,1,27,134255790,122,G#,Major,64,25,89,0,0,15,9,9
ANTIFRAGILE,LE SSERAFIM,1,2022,10,17,152031068,105,A#,Minor,88,82,80,8,0,11,8,11
Boy's a liar,PinkPantheress,1,2022,11,30,78950979,133,F,Major,66,74,84,25,0,21,4,12
Shirt,SZA,1,2022,10,28,156375209,120,D#,Minor,82,55,45,15,3,9,10,5
Lift Me Up - From Black Panther: Wakanda Forever - Music From and Inspired By,Rihanna,1,2022,10,28,150151075,177,A,Major,25,17,30,90,0,13,3,77
STAR WALKIN' (League of Legends Worlds Anthem),Lil Nas X,1,2022,9,22,167915653,142,D,Minor,64,31,72,15,0,9,5,46
"Sex, Drugs, Etc.",Beach Weather,1,2016,11,4,64350876,144,E,Minor,57,47,84,1,1,52,4,16
Boy With Luv (feat. Halsey),"Halsey, BTS",2,2019,4,12,221724798,120,B,Minor,65,80,86,9,0,19,10,27
"Hey, Mickey!",Baby Tate,1,2016,9,27,16440862,135,D,Major,92,73,51,55,0,15,6,12
Jhoome Jo Pathaan,"Arijit Singh, Vishal Dadlani, Sukriti Kakar, Vishal-Shekhar, Shekhar Ravjiani, Kumaar",6,2022,12,22,689417,105,G,Major,82,62,74,10,0,33,7,17
Escapism. - Sped Up,"RAYE, 070 Shake",2,2022,11,25,93075889,108,F#,Minor,44,38,77,9,0,9,20,19
Te Felicito,"Shakira, Rauw Alejandro",2,2022,4,21,306212551,174,F,Major,70,57,64,23,0,8,32,11
Muï¿½ï¿½,"Steve Aoki, Tini, La Joaqui",3,2023,1,12,120972253,90,A#,Minor,68,83,71,3,0,31,8,8
TV,Billie Eilish,1,2022,7,21,170975258,141,E,Minor,41,9,25,84,1,14,4,2
I'm Not The Only One,Sam Smith,1,2014,1,1,175542593,82,F,Major,68,50,49,56,0,8,4,20
Heather,Conan Gray,1,2020,3,20,335277577,92,F,Major,47,25,43,62,0,32,3,7
"Besharam Rang (From ""Pathaan"")","Vishal-Shekhar, Shilpa Rao, Caralisa Monteiro, Kumaar, Vishal Dadlani, Shekhar Ravjiani",6,2022,12,12,70794420,116,G#,Minor,77,65,80,6,0,15,4,30
Sugar Rush Ride,TOMORROW X TOGETHER,1,2023,1,27,107642809,125,A#,Minor,71,83,89,1,0,17,9,15
WAIT FOR U (feat. Drake & Tems),"Drake, Future, Tems",3,2022,4,27,281075468,83,C#,Major,46,34,64,31,0,7,34,31
Don't Start Now,Dua Lipa,1,2019,10,31,479212807,124,B,Minor,79,68,79,1,0,10,8,15
After Dark,Mr.Kitty,1,2014,8,8,70664046,140,G#,Major,58,4,60,7,41,8,3,10
MIDDLE OF THE NIGHT,Elley Duhï¿½,1,2020,1,10,224618226,186,E,Minor,41,9,61,2,0,12,5,19
Atlantis,Seafret,1,2015,4,22,68683436,166,G#,Minor,40,23,48,5,0,12,3,8
Evoque Prata,"DJ Escobar, MC MENOR SG, MC MENOR HR",3,2022,9,9,87873469,87,G,Major,87,52,52,31,0,28,24,12
How Do I Say Goodbye,Dean Lewis,1,2022,8,5,143816793,82,G#,Major,40,39,64,21,0,7,7,20
Blind,SZA,1,2022,12,9,82458392,114,A,Minor,46,60,28,91,0,21,4,5
Die For You,Joji,1,2022,11,4,124426943,148,G#,Major,47,15,52,38,13,29,5,11
Doja,Central Cee,1,2022,7,20,243539934,140,F#,Major,91,97,57,38,0,40,29,4
Gatita,Bellakath,1,2022,10,3,85185656,101,G,Major,90,76,81,15,24,33,6,6
Rumble,"Skrillex, Flowdan, Fred again..",3,2022,1,17,39637345,140,C#,Minor,81,6,84,5,23,6,6,6
Niagara Falls (Foot or 2) [with Travis Scott & 21 Savage],"Travis Scott, 21 Savage, Metro Boomin",3,2022,12,2,98735861,88,G,Minor,49,24,66,19,0,18,29,57
Yonaguni,Bad Bunny,1,2021,6,4,428629579,180,C#,Major,64,44,65,28,0,14,12,8
Super Freaky Girl,Nicki Minaj,1,2022,8,12,216486196,133,D,Major,95,91,89,6,0,31,24,17
Limbo,Freddie Dredd,1,2022,8,11,100690016,75,B,Minor,80,46,62,3,6,11,46,5
Where Are You Now,"Lost Frequencies, Calum Scott",2,2021,7,30,330674451,121,F#,Minor,67,26,64,52,0,17,10,17
WORTH NOTHING,"Twisted, Oliver Tree",2,2022,9,28,107786447,140,D,Minor,58,17,62,18,0,20,8,13
KICK BACK,Kenshi Yonezu,1,2022,10,12,106069575,102,C#,Major,58,29,94,0,0,9,11,9
Evergreen (You Didnï¿½ï¿½ï¿½t Deserve Me A,Omar Apollo,1,2022,4,8,115098894,82,A,Major,70,31,34,60,1,11,4,42
Good Days,SZA,1,2020,12,24,212896225,121,C#,Minor,46,53,78,23,0,72,6,9
Levitating (feat. DaBaby),"Dua Lipa, DaBaby",2,2020,3,27,464236191,103,F#,Minor,70,92,83,1,0,7,6,25
Shut up My Moms Calling - (Sped Up),Hotel Ugly,1,2022,9,14,91824691,85,F,Minor,65,36,47,31,0,12,10,35
Ferrari,"James Hype, Miggy Dela Rosa",2,2022,3,14,233709680,125,C#,Minor,84,70,69,1,0,5,5,7
"You're On Your Own, Kid",Taylor Swift,1,2022,10,21,176066779,120,D,Major,69,40,39,41,0,13,6,23
It's Beginning To Look A Lot Like Christmas,Michael Bublï¿½,1,2011,10,14,69844544,93,E,Major,35,38,23,91,0,29,3,43
Underneath the Tree,Kelly Clarkson,1,2013,10,25,48659320,160,G#,Major,51,69,81,0,0,21,5,19
Holly Jolly Christmas,Michael Bublï¿½,1,2011,10,14,41189535,151,G,Major,65,70,47,87,0,9,4,21
Mistletoe,Justin Bieber,1,2011,1,1,54416019,162,F#,Minor,67,88,54,51,0,9,4,9
Seek & Destroy,SZA,1,2022,12,9,49848194,152,C#,Major,65,35,65,44,18,21,7,14
Love Language,SZA,1,2022,12,9,55978752,65,A,Minor,71,55,26,85,0,13,8,13
Used (feat. Don Toliver),"SZA, Don Toliver",2,2022,12,8,47472906,150,A#,Minor,73,71,69,53,0,32,9,24
Ghost in the Machine (feat. Phoebe Bridgers),"SZA, Phoebe Bridgers",2,2022,12,9,55586972,125,F#,Major,62,59,43,84,3,11,5,44
SOS,SZA,1,2022,12,9,37360540,119,G,Minor,51,51,66,67,0,9,23,3
Open Arms (feat. Travis Scott),"SZA, Travis Scott",2,2022,12,8,78605212,78,A,Major,67,22,59,76,1,15,16,30
Gone Girl,SZA,1,2022,12,9,33008197,150,F,Major,43,42,44,57,0,15,6,9
F2F,SZA,1,2022,12,9,34107772,90,D,Major,53,47,74,9,0,34,4,3
Notice Me,SZA,1,2022,12,9,31319622,160,F,Major,72,78,68,28,0,11,12,9
Antidepresan,"Mabel Matiz, Mert Demir",2,2022,11,4,69028199,100,B,Minor,70,92,59,3,0,10,3,12
Wild Flower (with youjeen),RM,1,2022,12,2,68483745,155,G#,Major,49,42,77,3,0,12,9,26
I Hate U,SZA,1,2021,12,3,121289132,107,G,Minor,54,41,39,51,0,11,16,8
Raindrops (Insane) [with Travis Scott],"Travis Scott, Metro Boomin",2,2022,12,2,55878227,112,G#,Major,80,15,54,9,0,38,5,38
SPIT IN MY FACE!,ThxSoMch,1,2022,10,31,152444225,166,C#,Major,70,57,57,9,20,11,7,16
Smoking on my Ex Pack,SZA,1,2022,12,9,28857941,81,G#,Major,47,33,68,24,0,22,38,21
Conceited,SZA,1,2022,12,9,28719688,150,C#,Major,79,77,46,5,0,11,7,9
Snow On The Beach (feat. Lana Del Rey),"Taylor Swift, Lana Del Rey",2,2022,10,21,163335729,110,A,Major,66,19,32,69,0,12,4,38
Maroon,Taylor Swift,1,2022,10,21,160451748,108,G,Major,64,4,40,6,0,10,6,6
Tubarï¿½ï¿½o Te,"Dj LK da Escï¿½ï¿½cia, Tchakabum, mc jhenny, M",4,2022,9,28,58652872,130,E,Minor,89,48,74,30,0,7,36,15
Bejeweled,Taylor Swift,1,2022,10,21,165744837,164,G,Major,70,39,56,6,0,9,7,9
Tarot,"Bad Bunny, Jhay Cortez",2,2022,5,6,307155365,114,B,Minor,80,42,68,2,0,66,4,5
Desesperados,"Chencho Corleone, Rauw Alejandro",2,2021,6,25,275181981,90,C#,Minor,87,51,69,36,0,9,8,12
Too Late,SZA,1,2022,12,8,24877787,128,B,Major,45,35,68,78,0,39,8,8
Party,"Bad Bunny, Rauw Alejandro",2,2022,5,6,310350213,97,A,Major,83,47,80,2,0,24,9,5
Far,SZA,1,2022,12,9,26079042,116,D,Major,61,48,55,67,0,16,8,3
On Time (with John Legend),"John Legend, Metro Boomin",2,2022,12,2,39460660,80,F,Minor,33,51,59,76,0,44,6,26
GATï¿½ï¿½,"Maldy, Karol G",2,2022,8,25,162779715,93,B,Minor,63,34,86,26,0,21,39,9
Is There Someone Else?,The Weeknd,1,2022,1,7,197581875,135,A,Minor,70,60,58,4,0,16,3,22
Fingers Crossed,"Lauren Spencer Smith, Lauren Spencer Smith, Lauren Spencer Smith",3,2022,1,5,176540664,109,F,Major,60,45,47,62,0,31,5,15
Do It To It,"Cherish, ACRAZE",2,2021,8,20,229437491,125,B,Minor,85,64,81,2,5,7,9,11
How Do I Make You Love Me?,The Weeknd,1,2022,1,7,60215329,121,G,Minor,80,62,51,2,0,9,8,26
Gasoline,The Weeknd,1,2022,1,7,59036287,123,F#,Minor,74,35,73,0,0,21,5,8
Infinity,Jaymes Young,1,2017,6,23,134600972,122,B,Minor,67,50,67,15,0,30,4,8
Take My Breath,The Weeknd,1,2021,8,6,44425818,121,A#,Minor,70,35,77,1,0,26,4,14
"Here We Goï¿½ï¿½ï¿½ Again (feat. Tyler, the Cr","The Weeknd, Tyler, The Creator",3,2022,1,7,44492428,135,C#,Major,41,27,64,36,0,60,3,46
Best Friends,The Weeknd,1,2022,1,7,51063050,87,E,Minor,49,49,59,44,0,35,21,12
Kiss Me More (feat. SZA),"SZA, Doja Cat",2,2021,4,9,535693090,111,G#,Major,77,74,66,30,0,13,3,24
I Heard You're Married (feat. Lil Wayne),"The Weeknd, Lil Wayne",2,2022,1,7,46286277,110,D,Major,75,85,84,10,0,31,19,40
Dawn FM,The Weeknd,1,2022,1,7,27236421,78,A,Minor,27,10,49,62,0,49,5,7
Surface Pressure,Jessica Darrow,1,2021,11,19,91043733,180,D,Major,65,37,58,2,0,4,31,16
Starry Eyes,The Weeknd,1,2022,1,7,37673722,86,A,Minor,28,13,41,50,0,19,3,11
THATS WHAT I WANT,Lil Nas X,1,2021,9,17,313091095,88,C#,Minor,74,55,85,1,0,5,22,17
One Right Now (with The Weeknd),"The Weeknd, Post Malone",2,2021,11,5,183474143,97,C#,Major,68,72,78,4,0,7,5,31
Beggin,Mï¿½ï¿½ne,1,2017,12,8,207318557,134,B,Minor,71,59,80,13,0,36,5,6
Mon Amour - Remix,"Aitana, zzoilo",2,2020,9,21,148916994,116,D,Major,75,36,76,12,0,10,10,17
Lo Siento BB:/ (with Bad Bunny & Julieta Venegas),"Julieta Venegas, Bad Bunny, Tainy",3,2021,10,5,263701192,170,E,Minor,64,14,70,9,0,9,8,49
The Motto,"Tiï¿½ï¿½sto, Ava",2,2021,11,4,223059015,118,G,Minor,75,46,76,3,0,9,4,9
Malvadï¿½ï¿½,"Xamï¿½ï¿½, Gustah, Neo B",3,2021,11,30,81837953,133,F#,Minor,82,52,61,38,0,14,27,12
Donï¿½ï¿½ï¿½t Break My,The Weeknd,1,2022,1,7,32220771,122,A#,Major,77,25,62,34,0,23,3,22
Oh My God,Adele,1,2021,11,19,158523159,88,C#,Major,53,55,73,9,0,3,5,9
Entre Nosotros (Remix) [con Nicki Nicole],"Lit Killah, Maria Becerra, Tiago pzk, NICKI NICOLE",4,2022,1,5,119654902,170,F,Minor,70,61,44,40,0,37,4,41
A Tale By Quincy,The Weeknd,1,2022,1,7,21171848,94,F,Minor,46,55,50,71,0,10,11,16
I AM WOMAN,Emmy Meli,1,2021,11,18,76593031,170,A#,Major,65,46,47,12,0,13,16,10
Medallo,"Justin Quiles, Lenny Tavï¿½ï¿½rez, BL",3,2021,10,27,133706849,90,E,Minor,79,79,70,57,0,66,8,7
It'll Be Okay,Shawn Mendes,1,2021,12,1,97654599,78,G,Major,40,7,29,62,0,9,3,13
Softcore,The Neighbourhood,1,2018,3,9,105025571,94,D,Major,57,36,58,5,0,15,3,8
Super Gremlin,Kodak Black,1,2021,10,30,116552469,73,D,Major,83,11,41,0,0,36,14,13
Volvï¿½,"Aventura, Bad Bunny",2,2021,8,3,229107055,176,C#,Major,73,79,86,42,0,7,18,7
Todo De Ti,Rauw Alejandro,1,2020,11,2,300983066,128,D#,Minor,81,57,63,40,1,10,4,10
Smokin Out The Window,"Bruno Mars, Anderson .Paak, Silk Sonic",3,2021,11,5,130415402,82,D,Major,63,85,62,6,0,35,4,21
Meet Me At Our Spot,"THE ANXIETY, Willow, Tyler Cole",3,2020,3,13,136632758,95,D,Major,77,40,47,2,0,9,3,19
Tacones Rojos,Sebastian Yatra,1,2021,10,22,173709242,123,B,Minor,75,93,86,8,0,14,3,13
Dakiti,"Bad Bunny, Jhay Cortez",2,2020,10,30,454152987,110,E,Minor,73,14,57,40,0,11,5,6
"Tiago PZK: Bzrp Music Sessions, Vol. 48","Bizarrap, Tiago pzk",2,2021,12,29,127233253,96,C#,Minor,66,76,82,47,0,10,32,39
Lï¿½ï¿½ï¿½,Stromae,1,2022,1,9,54948572,88,D,Minor,56,58,55,35,0,23,11,10
Nostï¿½ï¿½l,"Chris Brown, Rvssian, Rauw Alejandro",3,2021,9,8,148485929,98,A,Minor,73,60,85,17,0,24,5,11
Sad Girlz Luv Money Remix (feat. Kali Uchis),"Kali Uchis, Amaarae, Moliy",3,2021,9,16,120389887,110,C#,Minor,86,31,53,43,0,11,6,44
Butter,BTS,1,2021,5,21,388865164,110,G#,Major,79,70,36,0,0,6,11,6
pushin P (feat. Young Thug),"Young Thug, Future, Gunna",3,2022,1,7,157254495,78,C#,Minor,77,49,42,1,1,13,19,27
You Right,"Doja Cat, The Weeknd",2,2021,6,24,228717772,129,G#,Major,83,44,62,2,0,8,6,9
deja vu,Olivia Rodrigo,1,2021,4,1,427366792,181,A,Major,44,22,60,61,0,42,9,7
TO THE MOON,Jnr Choi,1,2021,11,5,83337855,144,D,Major,74,39,65,5,1,11,35,11
Lost in the Fire,"The Weeknd, Gesaffelstein",2,2019,1,11,142894939,101,D,Major,66,18,68,9,0,12,4,16
Salimo de Noche,"Trueno, Tiago pzk",2,2021,10,21,88886511,84,D,Major,67,78,63,29,0,12,5,15
Volando - Remix,"Sech, Bad Bunny, Mora",3,2021,7,8,207428795,154,F#,Major,66,63,69,21,0,11,7,15
Leave The Door Open,"Bruno Mars, Anderson .Paak, Silk Sonic",3,2021,3,5,379423788,148,F,Major,59,72,62,18,0,9,3,19
Knife Talk (with 21 Savage ft. Project Pat),"Drake, Project Pat, 21 Savage",3,2021,9,3,202137159,146,F,Minor,85,22,37,13,0,7,30,43
Don't Be Shy,"Tiï¿½ï¿½sto, Kar",2,2021,8,1,192776959,120,B,Minor,77,51,79,20,0,26,6,12
The Family Madrigal,"Olga Merediz, Stephanie Beatriz, Encanto - Cast",3,2021,11,19,62882657,141,C#,Major,59,56,63,12,0,6,36,19
Phantom Regret by Jim,The Weeknd,1,2022,1,7,16139578,108,A,Minor,46,23,48,75,30,14,4,21
Freaks,Surf Curse,1,2015,5,10,99099344,180,A,Major,35,41,94,0,63,5,5,6
Acapulco,Jason Derulo,1,2021,9,1,123586913,122,A#,Major,77,51,79,5,0,16,5,8
Daddy Issues,The Neighbourhood,1,2015,10,30,135527200,85,A#,Major,59,33,52,7,15,12,3,12
thought i was playing,"21 Savage, Gunna",2,2022,1,7,30643864,148,C#,Major,68,29,73,0,0,7,7,21
ELEVEN,IVE,1,2021,12,1,84236296,120,A,Major,83,59,73,6,0,5,11,6
What Else Can I Do?,"Stephanie Beatriz, Diane Guerrero",2,2021,11,19,52634646,120,E,Major,72,54,71,26,0,10,4,19
Miserable Man,David Kushner,1,2022,1,7,62825732,110,A#,Major,63,31,35,93,0,29,3,13
happier,Olivia Rodrigo,1,2021,5,21,289225362,169,F#,Major,39,36,45,81,0,8,13,7
Praise God,Kanye West,1,2021,8,29,127961425,118,C#,Major,80,21,55,1,0,26,17,10
Get Into It (Yuh),Doja Cat,1,2021,6,25,175718026,92,G#,Minor,91,79,66,32,0,9,16,17
Before You Go,Lewis Capaldi,1,2019,11,1,334600306,112,D#,Major,45,19,60,63,0,9,6,13
Sky,Playboi Carti,1,2020,12,25,130520505,140,D,Major,79,56,91,26,0,13,21,3
Rolling in the Deep,Adele,1,2010,11,29,119416256,105,G#,Major,73,52,76,13,0,5,3,19
Sobrio,Maluma,1,2021,7,8,174650119,178,F,Major,76,63,77,14,0,15,22,6
Peru,"Ed Sheeran, Fireboy DML",2,2021,12,23,88843100,108,G,Minor,96,71,42,57,0,8,9,4
favorite crime,Olivia Rodrigo,1,2021,5,21,266477303,173,A,Major,40,19,29,86,0,34,4,14
Thunder,"Prezioso, Gabry Ponte, LUM!X",3,2021,5,7,143724164,101,C#,Major,67,40,90,3,0,34,6,7
The Business,Tiï¿½ï¿½,1,2020,1,1,273606318,120,G#,Minor,80,24,62,41,2,11,23,12
I WANNA BE YOUR SLAVE,Mï¿½ï¿½ne,1,2021,3,19,289382500,133,C#,Major,75,96,61,0,0,18,4,21
Vai Lï¿½ï¿½ Em Casa ,"Marï¿½ï¿½lia Mendonï¿½ï¿½a, George Henrique &",2,2021,10,22,89729886,158,G#,Minor,46,62,83,53,0,97,28,20
The Feels,TWICE,1,2021,10,1,117614761,120,A,Major,81,92,90,9,0,8,7,9
No Lie,"Sean Paul, Dua Lipa",2,2016,11,18,128146133,102,G,Major,74,45,89,5,0,26,13,6
OUT OUT (feat. Charli XCX & Saweetie),"Charli XCX, Jax Jones, Joel Corry, Saweetie",4,2021,8,13,145354550,124,G#,Minor,79,79,84,2,0,5,5,37
Pope Is a Rockstar,SALES,1,2016,4,20,20980136,90,E,Minor,73,31,45,85,24,11,3,18
2055,Sleepy hallow,1,2021,4,14,212348854,161,F#,Minor,78,65,52,46,0,12,31,4
Bored,Billie Eilish,1,2017,3,30,117885628,120,G,Major,60,11,33,90,0,8,5,5
Astronaut In The Ocean,Masked Wolf,1,2019,1,1,236892456,150,E,Minor,78,47,70,18,0,15,9,22
Ley Seca,"Anuel Aa, Jhay Cortez",2,2021,9,2,120782254,105,G#,Major,76,58,84,10,0,13,10,8
Every Summertime,NIKI,1,2021,8,10,98684052,79,F#,Major,63,76,67,38,0,6,4,16
Talking To The Moon,Bruno Mars,1,2010,10,4,86185709,146,C#,Minor,52,7,61,51,0,11,3,19
you broke me first,Tate McRae,1,2020,4,17,303932565,124,E,Major,64,8,37,79,0,9,5,18
The Nights,Avicii,1,2014,1,1,159058113,126,F#,Major,53,66,85,2,0,24,4,10
Take My Breath,The Weeknd,1,2021,8,6,147128215,121,G#,Major,75,53,74,2,0,11,5,14
Way 2 Sexy (with Future & Young Thug),"Drake, Future, Young Thug",3,2021,9,3,166592265,136,B,Minor,80,33,60,0,0,32,14,37
Cï¿½ï¿½,Rauw Alejandro,1,2021,6,25,158436336,102,A,Minor,77,26,63,58,0,11,5,7
Enemy - from the series Arcane League of Legends,"Imagine Dragons, League of Legends, Arcane",3,2021,10,27,416010232,77,G,Major,73,54,74,23,0,41,23,48
Lucid Dreams,Juice WRLD,1,2017,6,15,346896719,84,B,Minor,44,22,48,38,0,33,24,12
Quï¿½ï¿½ Mï¿½ï¿½,"J Balvin, Maria Becerra",2,2021,1,28,245096383,102,G#,Major,89,77,82,3,0,17,11,16
All of Me,John Legend,1,2013,8,1,209174474,120,G#,Major,42,33,26,92,0,13,3,9
Fair Trade (with Travis Scott),"Drake, Travis Scott",2,2021,9,3,201944923,168,C#,Major,67,29,47,5,0,22,26,30
Bar,"Tini, L-Gante",2,2021,11,11,68335085,94,C#,Major,52,68,69,13,0,33,8,3
The Rumbling (TV Size),SiM,1,2022,1,10,35862546,145,G#,Major,41,65,88,0,0,26,5,22
family ties (with Kendrick Lamar),"Kendrick Lamar, Baby Keem",2,2021,8,27,190487934,134,C#,Major,71,14,61,1,0,23,33,33
Blessed-Cursed,ENHYPEN,1,2022,1,10,39055561,127,E,Minor,60,40,89,9,0,60,6,14
AM Remix,"J Balvin, Nio Garcia, Bad Bunny",3,2021,6,24,179716708,172,F#,Minor,74,79,66,11,0,8,16,8
Streets,Doja Cat,1,2019,11,7,180121451,90,B,Major,75,19,46,21,4,34,8,7
Shallow,"Lady Gaga, Bradley Cooper",2,2018,9,27,378122517,96,G,Major,57,30,40,38,0,26,3,7
Polaroid Love,ENHYPEN,1,2022,1,10,106743074,138,G,Minor,74,65,67,46,0,36,4,13
Leave Before You Love Me (with Jonas Brothers),"Marshmello, Jonas Brothers",2,2021,4,28,221603378,120,G,Major,72,67,72,0,0,13,4,46
Permission to Dance,BTS,1,2021,7,9,206846823,125,A,Major,70,65,74,1,0,34,4,19
Friday (feat. Mufasa & Hypeman) - Dopamine Re-Edit,"Riton, Nightcrawlers, Mufasa & Hypeman, Dopamine",4,2021,1,15,293696043,123,D,Major,82,80,86,1,0,30,13,50
RAPSTAR,Polo G,1,2021,4,9,271134161,81,F#,Major,79,44,54,41,0,13,24,7
Memories,Maroon 5,1,2019,9,20,366128998,91,B,Major,77,60,32,84,0,8,5,8
Se Le Ve,"Arcangel, De La Ghetto, Justin Quiles, Lenny Tavï¿½ï¿½rez, Sech, Dalex, Dimelo Flow, Rich Music",8,2021,8,12,75933640,84,G,Minor,56,61,76,10,0,14,11,8
25k jacket (feat. Lil Baby),"Gunna, Lil Baby",2,2022,1,7,27743676,115,F,Minor,90,74,54,16,0,13,28,27
Esqueï¿½ï¿½a-Me Se For C,"Marï¿½ï¿½lia Mendonï¿½ï¿½a, Maiara &",2,2021,10,14,87833077,122,F#,Minor,80,62,69,28,0,13,7,24
Miï¿½ï¿½n,"Tini, Maria Becerra",2,2021,4,29,202704692,92,D,Major,85,92,54,16,0,29,7,9
Sï¿½ï¿½,"Anuel Aa, Myke Towers, Jhay Cortez",3,2021,11,18,60228029,90,F#,Minor,63,75,75,17,0,11,8,7
MAMIII,"Karol G, Becky G",2,2022,2,10,361878584,94,E,Minor,84,90,70,9,0,14,8,6
Stay Alive (Prod. SUGA of BTS),Jung Kook,1,2022,2,11,124420187,130,D,Minor,51,50,76,30,0,10,7,30
Boyfriend,Dove Cameron,1,2022,2,11,250637156,180,G,Minor,35,23,61,23,0,19,6,9
Light Switch,Charlie Puth,1,2022,1,19,252671789,184,F#,Major,69,91,63,11,0,9,31,12
City of Gods,"Kanye West, Alicia Keys, Fivio Foreign",3,2022,2,11,54163995,147,G#,Minor,47,50,80,10,0,32,38,12
Brividi,"Mahmood, Blanco",2,2022,2,2,68214949,123,G,Major,52,44,60,40,0,26,3,7
Lost,Frank Ocean,1,2012,1,1,76305357,123,A#,Minor,91,49,61,3,0,17,22,4
she's all i wanna be,Tate McRae,1,2022,2,4,173314455,160,D,Minor,61,65,64,1,0,12,4,20
Ginseng Strip 2002,Yung Lean,1,2013,8,16,24141869,115,C#,Major,60,37,71,8,0,48,4,18
All For Us - from the HBO Original Series Euphoria,"Labrinth, Zendaya",2,2019,8,4,88684238,141,D#,Major,37,17,67,2,0,34,9,50
Notion,The Rare Occasions,1,2016,8,5,56399687,160,A,Major,31,30,88,7,0,8,8,6
Formula,Labrinth,1,2019,10,4,115457939,145,B,Major,57,23,66,4,6,15,4,7
Excuses,"Intense, AP Dhillon, Gurinder Gill",3,2020,7,24,84346869,95,F,Minor,84,49,72,8,0,15,8,7
Cigarettes,Juice WRLD,1,2021,12,10,63042943,160,D,Major,60,47,62,3,0,38,4,10
"Cayï¿½ï¿½ La Noche (feat. Cruz Cafunï¿½ï¿½, Abhir Hathi, Bejo, EL IMA)","Quevedo, La Pantera, Juseph, Cruz Cafunï¿½ï¿½, Bï¿½ï¿½jo, Abhir Hathi",7,2022,1,14,123927043,174,F,Minor,67,74,75,44,0,7,30,70
Down Under (feat. Colin Hay),"Luude, Colin Hay",2,2021,11,19,85981711,172,B,Minor,31,4,86,1,0,28,17,28
Mujeriego,Ryan Castro,1,2021,12,17,78883735,80,A,Major,76,92,62,6,0,8,13,9
HUMBLE.,Kendrick Lamar,1,2017,3,30,292494605,150,C#,Minor,91,42,60,0,0,9,12,7
Contection,"GODZZ__-, Zakaria",2,2020,1,16,304138951,166,A#,Minor,81,83,75,14,0,29,34,10
Swim,Chase Atlantic,1,2017,10,4,75627236,120,G#,Major,67,8,54,27,0,8,4,4
Numb Little Bug,Em Beihold,1,2022,1,28,130650876,85,G#,Minor,74,61,52,30,0,26,9,15
212,"Mainstreet, Chefin",2,2022,1,15,72285341,154,D,Minor,79,86,52,66,0,9,7,3
Problemï¿½,"Alvaro Diaz, Rauw Alejandro",2,2021,10,22,71325854,92,D,Minor,73,37,74,28,0,14,6,10
Bussin,"Nicki Minaj, Lil Baby",2,2022,2,11,32680848,140,B,Major,89,75,70,6,0,13,5,6
Worst Day,Future,1,2022,2,11,25627034,89,C#,Major,65,60,60,11,0,10,40,9
Malvada,Zï¿½ï¿½ Fe,1,2022,1,28,77830341,135,F,Minor,89,89,86,16,0,8,5,7
Hrs and Hrs,Muni Long,1,2021,11,19,61655554,140,G#,Minor,51,66,53,60,0,11,18,11
Alien Blues,Vundabar,1,2015,7,24,44484061,82,D#,Major,47,44,76,8,91,9,3,11
Thinking Out Loud,Ed Sheeran,1,2014,1,1,249122424,79,D,Major,78,58,45,47,0,18,3,17
Still Don't Know My Name,Labrinth,1,2019,10,4,117336296,88,F,Major,31,31,63,47,27,21,12,24
Christmas Tree,V,1,2021,12,24,107998452,139,F,Major,44,18,38,70,0,12,4,14
When I R.I.P.,Labrinth,1,2019,10,4,42381569,80,G#,Minor,39,45,55,73,0,9,21,13
Do We Have A Problem?,"Nicki Minaj, Lil Baby",2,2022,2,4,41082112,120,C#,Minor,84,54,51,47,0,12,40,21
Forever,Labrinth,1,2019,10,4,58862022,80,E,Minor,56,19,46,92,72,11,3,7
Gospel (with Eminem),"Eminem, Dr. Dre",2,2022,2,4,32717900,117,C#,Major,92,62,86,11,0,24,24,20
Seï¿½ï¿½o,"Shawn Mendes, Camila Cabello",2,2019,6,19,517037173,117,A,Minor,76,77,52,4,0,8,3,9
NEW MAGIC WAND,"Tyler, The Creator",2,2019,5,16,96015474,140,F,Minor,62,46,73,10,0,67,11,14
Adore You,Harry Styles,1,2019,12,6,299465376,99,G#,Major,68,57,77,2,0,10,5,9
La Santa,"Daddy Yankee, Bad Bunny",2,2020,2,29,195533646,93,C#,Major,74,59,87,3,0,8,5,8
Sweetest Pie,"Dua Lipa, Megan Thee Stallion",2,2022,3,11,151315358,124,G,Major,81,68,63,17,0,10,22,12
Bam Bam (feat. Ed Sheeran),"Camila Cabello, Ed Sheeran",2,2022,3,4,382238407,95,G#,Major,76,96,70,18,0,33,4,26
Una Noche en Medellï¿½,Cris Mj,1,2022,1,21,344649843,96,A#,Minor,87,82,53,10,0,5,8,22
Envolver,Anitta,1,2021,11,11,185716855,92,E,Minor,81,40,73,15,0,9,8,8
Starlight,Dave,1,2022,3,3,115883983,124,G,Major,95,36,37,35,0,10,28,9
Hati-Hati di Jalan,Tulus,1,2022,3,3,102352087,72,F#,Major,64,76,44,70,9,12,4,18
DANï¿½ï¿½A,"Mc Pedrinho, Pedro Sampaio",2,2022,2,1,105123815,135,A,Minor,78,55,57,4,0,10,8,10
"Residente: Bzrp Music Sessions, Vol. 49","Residente, Bizarrap",2,2022,3,3,47781310,71,C#,Minor,59,70,74,56,0,11,40,39
Jordan,Ryan Castro,1,2021,4,30,133978894,180,A#,Minor,80,71,68,6,0,10,37,6
Nail Tech,Jack Harlow,1,2022,2,18,97689134,150,E,Minor,65,11,58,0,0,12,9,9
Chale,Eden Muï¿½ï¿½,1,2022,2,18,151322295,189,G#,Major,55,86,44,40,0,7,4,5
Ya No Somos Ni Seremos,Christian Nodal,1,2022,2,18,161477303,140,G,Major,59,73,45,44,0,34,3,22
Freaky Deaky,"Tyga, Doja Cat",2,2022,2,25,77386618,104,D,Minor,80,24,65,2,0,9,4,12
this is what falling in love feels like,JVKE,1,2021,9,3,117691002,129,B,Major,42,33,44,62,0,8,6,39
La Zona,Bad Bunny,1,2020,2,29,80515800,94,C#,Minor,76,81,80,20,0,25,4,7
Hope,XXXTENTACION,1,2018,3,16,210273196,146,A,Minor,59,23,46,66,0,15,6,4
Levitating,Dua Lipa,1,2020,3,27,205317244,103,F#,Minor,69,90,88,5,0,29,8,10
Wake Me Up - Radio Edit,Avicii,1,2013,1,1,197598279,124,D,Major,53,66,78,0,0,16,5,23
"jealousy, jealousy",Olivia Rodrigo,1,2021,5,21,226374787,164,A#,Minor,70,71,58,24,0,7,13,18
Monï¿½ï¿½y so,YEAT,1,2021,9,10,89690614,138,D,Major,69,35,57,12,0,10,9,13
Demasiadas Mujeres,C. Tangana,1,2020,10,8,87431130,126,A,Minor,67,37,46,13,0,10,39,18
Something Just Like This,"The Chainsmokers, Coldplay",2,2017,2,22,334071747,103,B,Minor,61,47,65,3,0,17,4,24
Closer,"The Chainsmokers, Halsey",2,2016,5,31,347024165,95,G#,Major,75,64,52,41,0,11,3,6
O.O,NMIXX,1,2022,2,22,68399340,200,B,Minor,39,28,77,4,0,6,29,3
Tom's Diner,"AnnenMayKantereit, Giant Rooks",2,2019,6,28,49288109,98,F#,Minor,68,33,43,38,0,36,14,11
First Class,Jack Harlow,1,2022,4,8,350735159,107,G#,Major,91,32,56,3,0,11,10,11
Fuera del mercado,Danny Ocean,1,2022,2,17,212789338,92,G#,Major,45,27,67,32,0,13,14,17
X ï¿½ï¿½LTIMA,"Daddy Yankee, Bad Bunny",2,2022,3,25,176621818,90,G,Major,81,59,83,9,0,11,5,13
When You're Gone,Shawn Mendes,1,2022,3,31,128835785,147,F,Major,60,58,69,2,0,58,4,16
In My Head,Lil Tjay,1,2022,4,1,96445544,143,C#,Major,68,41,55,16,0,10,12,10
Wait a Minute!,Willow,1,2015,1,11,111092557,101,D#,Minor,76,63,71,3,0,10,3,14
LOVE DIVE,IVE,1,2022,4,5,154414335,118,C#,Minor,70,54,71,0,0,33,4,9
Pantysito,"Feid, Alejo, Robi",3,2022,3,18,137867724,98,G,Minor,83,63,74,14,0,16,6,9
Chance,Paulo Londra,1,2022,4,6,45231073,138,C#,Minor,72,22,46,24,0,9,6,6
Cool for the Summer,Demi Lovato,1,2015,1,1,81425575,114,F,Minor,59,30,62,1,0,8,4,19
psychofreak (feat. WILLOW),"Camila Cabello, Willow",2,2022,4,7,38115472,180,G,Minor,63,45,64,34,0,9,8,26
Angel Baby,Troye Sivan,1,2021,9,9,139015634,145,B,Major,56,41,57,1,0,13,3,10
Vampiro,"Matuï¿½ï¿½, Wiu, ",3,2022,1,30,94825127,115,G#,Minor,78,63,64,1,0,7,4,7
Si Quieren Frontear,"De La Ghetto, Duki, Quevedo",3,2022,3,31,90148724,82,A#,Major,79,48,84,13,0,21,23,19
Right On,Lil Baby,1,2022,4,8,51398906,166,D,Major,70,22,61,2,0,10,34,8
That's Hilarious,Charlie Puth,1,2022,4,8,73913356,108,F#,Major,71,55,44,74,0,11,6,16
Soy El Unico,Yahritza Y Su Esencia,1,2022,3,25,63854194,84,E,Minor,71,63,45,45,0,11,3,12
RUMBATï¿½,Daddy Yankee,1,2022,3,25,79785276,95,D#,Minor,69,90,91,6,0,35,4,9
sentaDONA (Remix) s2,"Luï¿½ï¿½sa Sonza, MC Frog, Dj Gabriel do Borel, Davi K",4,2022,3,17,89026840,135,D#,Minor,93,77,45,25,0,13,27,20
Falling,Harry Styles,1,2019,12,13,212903666,110,E,Major,57,6,27,84,0,9,3,7
Fim de Semana no Rio,teto,1,2022,3,30,70292851,119,C#,Minor,87,28,50,12,0,10,10,20
MANIAC,Stray Kids,1,2022,3,18,107178634,120,C#,Major,58,71,80,15,0,7,41,6
There's Nothing Holdin' Me Back,Shawn Mendes,1,2016,9,23,229609538,122,D,Major,86,97,80,36,0,9,6,31
IDGAF (with blackbear),"Blackbear, BoyWithUke",2,2022,3,18,99810083,98,F,Major,78,83,75,41,0,27,8,22
Golden,Harry Styles,1,2019,12,13,167922984,140,E,Minor,45,25,84,21,0,13,6,6
Get Lucky - Radio Edit,"Pharrell Williams, Nile Rodgers, Daft Punk",3,2013,1,1,93633155,116,F#,Minor,79,87,81,4,0,10,4,22
Ain't Shit,Doja Cat,1,2021,6,25,169912482,124,D#,Major,86,62,49,51,0,35,21,10
"Nobody Like U - From ""Turning Red""","Jordan Fisher, Josh Levi, Finneas O'Connell, 4*TOWN (From Disney and Pixarï¿½ï¿½ï¿½s Turning Red), Topher Ngo, Grayson Vill",6,2022,2,25,61027794,105,A,Minor,91,73,72,13,0,9,15,34
Still Life,BIGBANG,1,2022,4,5,27224109,118,G#,Major,68,24,58,44,0,6,3,10
Photograph,Ed Sheeran,1,2014,6,20,244327116,108,E,Major,61,20,38,61,0,10,5,10
Love Yourself,Justin Bieber,1,2015,11,9,255232218,100,E,Major,61,53,38,84,0,28,44,13
N95,Kendrick Lamar,1,2022,5,13,152127204,140,D#,Minor,81,39,66,38,0,12,14,3
About Damn Time,Lizzo,1,2022,4,14,365566588,109,A#,Minor,84,72,74,10,0,34,7,15
Die Hard,"Kendrick Lamar, Blxst, Amanda Reifer",3,2022,5,13,119862268,101,C#,Minor,78,40,74,36,0,17,27,8
Despuï¿½ï¿½s de la P,Bad Bunny,1,2022,5,6,233086985,78,F,Major,56,61,90,36,0,18,31,20
United In Grief,Kendrick Lamar,1,2022,5,13,79233626,87,G#,Major,52,32,83,24,0,17,43,15
Father Time (feat. Sampha),"Kendrick Lamar, Sampha",2,2022,5,13,64291114,153,A#,Minor,55,50,78,19,0,11,35,26
Rich Spirit,Kendrick Lamar,1,2022,5,13,87719549,96,A#,Minor,85,41,43,39,0,12,21,11
Me Fui de Vacaciones,Bad Bunny,1,2022,5,6,154353350,85,A#,Major,71,43,65,23,0,9,5,20
Silent Hill,"Kendrick Lamar, Kodak Black",2,2022,5,13,62224421,140,C#,Minor,92,78,57,46,0,14,9,11
La Corriente,"Tony Dize, Bad Bunny",2,2022,5,6,242226027,196,B,Minor,66,58,79,23,0,22,20,12
Count Me Out,Kendrick Lamar,1,2022,5,13,63726486,134,G,Major,78,51,43,69,0,14,9,12
Andrea,"Buscabulla, Bad Bunny",2,2022,5,6,173748163,103,C#,Minor,80,45,62,76,0,10,38,6
Dos Mil 16,Bad Bunny,1,2022,5,6,170903055,130,C#,Major,82,50,67,12,0,13,5,10
We Cry Together,"Kendrick Lamar, Taylour Paige",2,2022,5,13,34792288,108,B,Major,65,52,69,31,0,8,36,15
Savior,"Kendrick Lamar, Sam Dew, Baby Keem",3,2022,5,13,43519315,123,G#,Major,61,66,71,53,0,32,46,6
Un Coco,Bad Bunny,1,2022,5,6,203631869,152,B,Major,84,74,69,21,0,18,6,7
Otro Atardecer,"Bad Bunny, The Marï¿½ï¿½",2,2022,5,6,161371057,108,D,Major,78,55,60,59,0,7,4,14
Worldwide Steppers,Kendrick Lamar,1,2022,5,13,31178608,72,A#,Minor,56,56,47,76,0,8,36,18
Aguacero,Bad Bunny,1,2022,5,6,143096329,121,F#,Minor,86,67,65,42,0,35,7,8
Purple Hearts,"Kendrick Lamar, Ghostface Killah, Summer Walker",3,2022,5,13,38800084,138,D#,Minor,57,71,82,19,0,15,29,13
Un Verano Sin Ti,Bad Bunny,1,2022,5,6,143082744,188,F,Minor,50,41,50,69,0,12,6,16
ULTRA SOLO,"Polima WestCoast, Pailita",2,2022,2,14,155414999,110,C#,Major,80,26,85,23,0,11,21,10
Ensï¿½ï¿½ï¿½ï¿½ame ,Bad Bunny,1,2022,5,6,141267613,105,G#,Major,81,77,79,19,0,47,8,19
El Apagï¿½,Bad Bunny,1,2022,5,6,107237669,118,G#,Major,63,60,70,5,0,9,31,10
Callaita,"Bad Bunny, Tainy",2,2019,5,31,271400230,176,D,Major,61,24,62,60,0,24,31,8
Dua Lipa,Jack Harlow,1,2022,5,6,76002962,158,B,Major,83,41,65,0,10,11,8,8
Agosto,Bad Bunny,1,2022,5,6,124294517,115,C#,Minor,85,72,58,9,0,49,12,6
House Of Memories,Panic! At The Disco,1,2016,1,15,78058738,110,B,Minor,51,48,82,0,0,5,3,17
Mr. Morale,"Kendrick Lamar, Tanna Leone",2,2022,5,13,29637139,174,A,Major,73,26,54,30,0,34,32,10
That That (prod. & feat. SUGA of BTS),"PSY, Suga",2,2022,4,29,107115108,130,E,Major,91,91,96,3,0,3,9,37
In The Stars,Benson Boone,1,2022,4,29,193010743,78,A#,Major,36,30,54,34,0,14,5,12
Rich - Interlude,Kendrick Lamar,1,2022,5,13,20811087,104,G,Major,44,74,42,88,0,9,9,16
SUPERMODEL,Mï¿½ï¿½ne,1,2022,5,13,116987196,121,G,Major,64,80,88,0,0,12,6,10
Stefania (Kalush Orchestra),KALUSH,1,2022,3,10,27133234,105,D,Major,83,32,82,14,0,12,4,27
Thousand Miles,The Kid Laroi,1,2022,4,22,123594233,81,G,Major,38,20,66,9,0,9,8,14
Crown,Kendrick Lamar,1,2022,5,13,21455206,170,C#,Minor,37,14,24,80,0,11,4,5
Auntie Diaries,Kendrick Lamar,1,2022,5,13,19077978,78,G,Major,43,60,38,76,1,48,38,14
PUFFIN ON ZOOTIEZ,Future,1,2022,4,29,128380415,125,G#,Major,88,28,66,6,0,13,31,17
Mirror,Kendrick Lamar,1,2022,5,13,27069731,92,E,Minor,66,29,65,23,0,8,7,6
Beautiful Girl,Luciano,1,2022,4,22,80818010,140,B,Minor,84,61,42,31,0,9,9,14
Savior - Interlude,Kendrick Lamar,1,2022,5,13,18731239,118,F,Minor,66,83,43,84,0,19,19,18
Pasoori,"Shae Gill, Ali Sethi",2,2022,2,6,143546117,92,B,Minor,71,67,60,7,0,6,4,7
Mother I Sober (feat. Beth Gibbons of Portishead),"Kendrick Lamar, Beth Gibbons",2,2022,5,13,16857628,140,G#,Minor,49,50,37,87,0,11,35,49
TUS Lï¿½ï¿½GR,"Sech, Mora",2,2022,4,1,93234340,174,C#,Major,68,45,71,18,0,11,25,13
Where Did You Go?,"MNEK, Jax Jones",2,2022,1,26,151996415,127,A#,Major,77,53,78,19,0,29,4,17
I Tried to Tell Y'all,"Ugly Dray, Tesla Jnr",2,2022,5,6,61144303,96,B,Major,71,37,52,62,0,11,36,21
Honest (feat. Don Toliver),"Justin Bieber, Don Toliver",2,2022,4,29,53994420,150,G#,Minor,82,82,66,13,0,11,6,26
ZOOM,Jessi,1,2022,4,13,69183111,100,F#,Major,87,46,60,1,0,13,16,4
SloMo,Chanel,1,2021,12,24,22346207,105,C#,Minor,73,59,81,13,0,9,6,5
FEARLESS,LE SSERAFIM,1,2022,5,2,115896377,104,G,Major,86,43,62,5,0,13,14,8
10 Things I Hate About You,Leah Kate,1,2022,3,23,93703157,154,G#,Major,54,45,79,1,0,17,5,26
SPACE MAN,Sam Ryder,1,2022,2,22,27614700,80,B,Major,47,33,83,18,0,10,5,9
With you,"HA SUNG WOON, Jimin",2,2022,4,24,121492881,150,D#,Major,53,14,43,64,0,13,3,8
The Heart Part 5,Kendrick Lamar,1,2022,5,8,36068766,98,G#,Minor,76,79,81,18,0,6,34,16
San Lucas,Kevin Kaarl,1,2019,11,7,50956843,92,G,Major,58,27,36,86,0,9,3,9
This Love (Taylorï¿½ï¿½ï¿½s Ve,Taylor Swift,1,2022,5,6,66746825,144,E,Major,47,7,50,32,0,7,4,30
Good Looking,Suki Waterhouse,1,2017,10,20,27995916,150,E,Major,37,27,56,8,0,13,3,12
Flowers,Lauren Spencer Smith,1,2021,8,9,62845010,138,D#,Major,70,31,44,84,0,9,39,7
Yet To Come,BTS,1,2022,6,10,152513303,172,C#,Major,56,68,89,4,0,33,19,11
Run BTS,BTS,1,2022,6,10,167094925,77,G#,Major,72,70,82,2,0,4,17,7
Music For a Sushi Restaurant,Harry Styles,1,2022,5,20,169040398,107,B,Major,72,36,72,26,6,11,4,28
Matilda,Harry Styles,1,2022,5,20,184938240,114,D,Major,51,39,29,90,0,10,4,7
For Youth,BTS,1,2022,6,10,57845870,117,D,Major,63,29,51,43,0,25,4,9
Vegas (From the Original Motion Picture Soundtrack ELVIS),Doja Cat,1,2022,5,6,226492845,160,G#,Minor,80,74,60,8,0,14,26,57
Cash In Cash Out,"Pharrell Williams, Tyler, The Creator, 21 Savage",4,2022,6,10,69021611,120,G,Major,88,15,56,1,0,8,6,16
Potion (with Dua Lipa & Young Thug),"Calvin Harris, Dua Lipa, Young Thug",3,2022,5,27,96265615,100,B,Minor,82,76,70,16,0,8,5,35
Born Singer,BTS,1,2022,6,10,39943098,158,G#,Minor,60,68,84,4,0,24,11,11
Little Freak,Harry Styles,1,2022,5,20,137963269,142,D#,Major,56,40,54,72,0,10,4,12
La Llevo Al Cielo (Ft. ï¿½ï¿½engo F,"Nengo Flow, Anuel Aa, Chris Jedi, Chencho Corleone",4,2022,5,20,168238914,170,A,Minor,80,77,85,11,0,17,14,35
True Love,"Kanye West, XXXTENTACION",2,2022,5,27,98425828,84,F,Minor,71,39,86,2,0,51,25,9
"Villano Antillano: Bzrp Music Sessions, Vol. 51","Bizarrap, Villano Antillano",2,2022,6,8,125498437,128,C#,Minor,82,42,75,6,0,63,6,47
Love Of My Life,Harry Styles,1,2022,5,20,118003948,118,G,Major,56,20,54,67,0,6,5,15
Grapejuice,Harry Styles,1,2022,5,20,100791848,183,F,Major,65,88,72,36,14,20,3,10
So Good,Halsey,1,2022,6,9,46349522,83,D#,Minor,63,29,62,4,0,18,4,7
Belly Dancer,"BYOR, Imanbek",2,2022,2,18,193837107,122,C#,Major,85,42,80,6,0,17,14,12
Keep Driving,Harry Styles,1,2022,5,20,119210618,165,A,Major,72,90,48,32,0,18,23,12
Cinema,Harry Styles,1,2022,5,20,95564586,106,A,Minor,83,90,64,35,5,9,4,6
Die Young (feat. 347aidan),"Sleepy hallow, 347aidan",2,2022,5,25,81226870,77,B,Major,81,68,58,83,0,11,34,26
Only Love Can Hurt Like This,Paloma Faith,1,2014,1,1,64335763,91,G#,Major,57,30,89,10,0,33,8,28
Hold My Hand,Lady Gaga,1,2022,5,3,120366886,148,G,Major,51,21,63,5,0,41,3,12
Daydreaming,Harry Styles,1,2022,5,20,94790035,114,E,Minor,71,90,81,31,2,13,3,11
Nos Comemos (feat. Ozuna),"Ozuna, Tiago pzk",2,2022,6,2,69858865,92,F#,Major,83,56,82,10,0,9,5,25
Me and Your Mama,Childish Gambino,1,2016,11,10,59674753,118,F,Major,56,25,45,1,3,7,3,16
Crazy What Love Can Do,"David Guetta, Ella Henderson, Becky Hill",3,2022,3,18,144803387,123,E,Minor,60,46,71,3,0,16,4,22
SLOW DANCING IN THE DARK,Joji,1,2018,9,12,196536872,89,D#,Major,52,28,48,54,1,19,3,24
Antes de Perderte,Duki,1,2022,6,2,79354143,110,F,Minor,81,61,93,49,0,12,11,17
295,Sidhu Moose Wala,1,2021,5,15,62316894,90,B,Minor,68,54,76,21,0,11,20,3
En El Radio Un Cochinero,Victor Cibrian,1,2022,5,13,83252395,154,F#,Minor,70,97,62,47,0,10,4,24
BREAK MY SOUL,Beyoncï¿½,1,2022,6,21,179080497,115,C#,Minor,70,87,88,4,0,26,8,13
ULTRA SOLO REMIX,"De La Ghetto, Feid, Polima WestCoast, Paloma Mami, Pailita",5,2022,6,16,141257234,110,C#,Major,91,59,82,8,0,6,8,16
Massive,Drake,1,2022,6,17,98792444,125,E,Minor,51,5,68,12,2,15,6,7
Betty (Get Money),Yung Gravy,1,2022,6,10,111985196,102,C#,Major,73,62,75,0,0,34,8,17
Ojos Marrones,Lasso,1,2022,2,6,132956542,120,G#,Minor,81,72,65,4,0,14,4,13
POP!,Nayeon,1,2022,6,24,107820079,97,D,Major,80,36,86,4,0,3,5,4
Layla,"Schï¿½ï¿½rze, DJ R",2,2022,3,24,65861781,140,F,Minor,44,41,92,0,0,44,7,5
MORE,j-hope,1,2022,7,1,78676844,97,D,Major,78,31,72,1,0,11,4,4
Last Last,Burna Boy,1,2022,5,12,148200545,88,D#,Minor,80,55,56,13,0,8,9,9
Sticky,Drake,1,2022,6,17,96681658,137,A#,Minor,88,8,49,9,0,9,14,6
Hot Shit (feat. Ye & Lil Durk),"Kanye West, Lil Durk, Cardi B",3,2022,7,1,43392106,157,A,Major,88,52,69,0,0,8,23,30
Ai Preto,"L7nnon, DJ Biel do Furduncinho, Bianca",3,2022,6,3,88932441,130,F#,Major,95,83,57,54,0,10,25,8
La Loto,"Anitta, Tini, Becky G",3,2022,7,6,61200554,90,C#,Major,85,80,83,10,0,8,11,7
die first,Nessa Barrett,1,2022,6,24,66531796,183,G#,Minor,44,44,67,7,0,12,13,9
Afraid To Feel,LF System,1,2022,5,2,123618915,128,C#,Major,58,68,91,2,0,27,11,14
Baile no Morro,"Mc Vitin Da Igrejinha, MC Tairon, DJ Win",3,2022,6,10,65303905,130,D#,Minor,71,78,40,46,0,7,45,14
cï¿½ï¿½mo dormi,Rels B,1,2022,8,4,167413208,126,C#,Major,63,56,43,24,0,12,23,15
STAYING ALIVE (feat. Drake & Lil Baby),"Drake, DJ Khaled, Lil Baby",3,2022,8,5,86220058,130,E,Minor,72,18,46,7,0,28,8,38
Si Te La Encuentras Por Ahï¿½,Feid,1,2022,8,5,90425997,172,G#,Minor,74,46,58,15,0,13,8,29
GIVENCHY,Duki,1,2022,7,20,93544634,103,G#,Major,61,38,62,14,0,23,40,8
ALIEN SUPERSTAR,Beyoncï¿½,1,2022,7,29,86753155,122,A#,Minor,55,46,64,0,0,17,10,15
Mary On A Cross,Ghost,1,2019,9,13,80543224,130,B,Major,47,56,90,0,0,10,4,15
Attention,NewJeans,1,2022,8,1,133682283,105,A#,Minor,81,70,65,24,0,8,4,9
THE SHADE,Rex Orange County,1,2022,3,11,123689059,120,F,Major,90,73,51,39,0,9,6,9
"Come Back Home - From ""Purple Hearts""",Sofia Carson,1,2022,7,12,49293258,145,G,Major,56,43,53,24,0,12,4,37
El Rescate,"Grupo Marca Registrada, Junior H",2,2022,7,22,145075772,99,G,Minor,79,64,59,28,0,11,14,10
Heartless,Kanye West,1,2008,1,1,64201778,88,A#,Minor,79,66,65,5,0,25,14,9
"Stay With Me (with Justin Timberlake, Halsey, & Pharrell)","Calvin Harris, Halsey, Pharrell Williams, Justin Timberlake",4,2022,7,15,62353905,126,A,Major,81,90,73,28,0,29,4,57
JGL,"Luis R Conriquez, La Adictiva",2,2022,2,18,163345070,113,G#,Major,70,97,59,55,0,27,12,3
Don't You Worry,"David Guetta, Shakira, Black Eyed Peas",3,2022,6,16,121663596,132,B,Major,82,49,88,20,0,21,3,15
Pipoco,"Melody, Ana Castela, Dj Chris No Beat",3,2022,5,20,96896025,135,G#,Major,77,74,74,47,0,34,8,6
Forget Me,Lewis Capaldi,1,2022,9,9,120902671,102,C#,Minor,67,72,74,30,0,36,4,9
Bound 2,Kanye West,1,2013,1,1,70519660,149,C#,Major,37,28,66,14,0,9,5,7
Talk that Talk,TWICE,1,2022,8,26,95685408,120,D#,Minor,77,78,91,14,0,33,12,14
BILLIE EILISH.,Armani White,1,2022,1,20,139951748,100,C#,Major,90,75,50,11,0,9,26,14
Ferxxo 100,Feid,1,2022,6,3,140854557,164,G#,Minor,70,58,57,25,0,15,7,10
KU LO SA - A COLORS SHOW,Oxlade,1,2022,6,10,112317377,93,A#,Minor,65,79,66,31,0,22,7,24
Prohibidox,Feid,1,2022,9,13,93623225,180,C#,Minor,65,52,80,5,0,6,25,10
Static,Steve Lacy,1,2022,7,15,102238660,79,C#,Major,34,22,31,43,63,10,7,6
Talk,YEAT,1,2022,9,2,74973097,140,E,Minor,70,26,76,8,0,54,23,4
XQ Te Pones Asï¿½,"Yandel, Feid",2,2022,9,13,23782432,92,A#,Major,81,48,70,13,0,15,7,17
Selfish,PnB Rock,1,2016,6,23,50933440,102,C#,Minor,64,4,60,11,0,19,4,7
Sin Seï¿½ï¿½,"Ovy On The Drums, Quevedo",2,2022,7,22,105598677,118,B,Minor,82,75,85,33,1,11,4,12
Lady Mi Amor,Feid,1,2022,9,13,27263630,93,D,Major,78,75,62,6,0,15,6,12
Poland,Lil Yachty,1,2022,6,23,58242535,150,F,Minor,70,26,56,14,83,11,5,6
THE LONELIEST,Mï¿½ï¿½ne,1,2022,10,7,113672101,130,D,Major,52,24,60,0,0,8,3,13
Bye Bye,"Marshmello, Juice WRLD",2,2022,10,14,42772339,83,D#,Minor,65,24,53,6,0,51,4,7
BABY OTAKU,"Fran C, Polima WestCoast, Nickoog Clk, Pablito Pesadilla",4,2022,8,18,80416513,102,A,Major,84,43,75,5,0,6,8,10
Nxde,(G)I-DLE,1,2022,10,17,86208311,136,E,Minor,73,65,91,4,0,48,18,4
we fell in love in october,girl in red,1,2018,11,21,126611981,130,G,Major,57,24,37,11,18,16,3,26
2 Be Loved (Am I Ready),Lizzo,1,2022,7,14,125082965,156,G,Major,72,92,77,9,0,8,11,23
Celestial,Ed Sheeran,1,2022,9,29,89119801,123,D,Major,57,50,85,5,0,16,4,9
Typa Girl,BLACKPINK,1,2022,9,16,118952351,132,G,Major,92,53,62,7,0,63,10,9
California Breeze,Lil Baby,1,2022,10,14,43207465,162,F,Minor,74,22,67,0,0,11,46,17
Bamba (feat. Aitch & BIA),"Luciano, Aitch, Bï¿½",3,2022,9,22,73842839,138,A#,Major,80,82,81,14,0,13,36,25
Casei Com a Putaria,"MC Ryan SP, Love Funk, Mc Paiva ZS",3,2022,7,1,94789270,161,A#,Minor,59,62,60,12,0,5,44,19
Major Distribution,"Drake, 21 Savage",2,2022,11,4,78205866,131,G#,Minor,91,23,55,1,0,7,32,18
Pussy & Millions (feat. Travis Scott),"Drake, Travis Scott, 21 Savage",3,2022,11,4,96623464,122,E,Minor,75,45,63,6,0,35,12,37
Vigilante Shit,Taylor Swift,1,2022,10,21,128093636,80,E,Minor,80,16,28,17,0,12,39,14
Question...?,Taylor Swift,1,2022,10,21,112647420,109,G,Major,75,11,50,20,0,30,17,12
On BS,"Drake, 21 Savage",2,2022,11,4,86058979,158,A,Major,84,33,36,2,0,39,59,5
Mastermind,Taylor Swift,1,2022,10,21,110251860,126,E,Major,66,12,35,55,0,9,14,10
Circo Loco,"Drake, 21 Savage",2,2022,11,4,71569080,104,C#,Major,73,25,61,1,0,32,7,10
Spin Bout U,"Drake, 21 Savage",2,2022,11,4,100174563,130,G,Major,77,20,70,1,0,16,5,11
"Would've, Could've, Should've",Taylor Swift,1,2022,10,21,89639447,158,G,Major,48,55,84,43,0,15,12,29
Con La Brisa,"Ludwig Goransson, Foudeqush",2,2022,11,4,35903320,114,D,Minor,62,25,44,51,33,14,3,12
Privileged Rappers,"Drake, 21 Savage",2,2022,11,4,56780364,144,F,Major,93,62,61,0,0,12,20,18
The Astronaut,Jin,1,2022,10,28,102735382,125,F,Major,54,22,76,0,0,14,3,13
BackOutsideBoyz,Drake,1,2022,11,4,47150590,142,F,Minor,85,40,43,4,0,39,32,15
Broke Boys,"Drake, 21 Savage",2,2022,11,4,53655837,120,D,Major,64,11,53,1,0,25,27,10
The Great War,Taylor Swift,1,2022,10,21,91598177,96,F,Major,57,55,74,22,0,8,4,13
My Mind & Me,Selena Gomez,1,2022,11,3,46194033,144,A,Major,60,24,39,57,0,8,3,12
Bigger Than The Whole Sky,Taylor Swift,1,2022,10,21,61545274,166,F#,Major,42,7,24,83,1,12,6,25
A Veces (feat. Feid),"Feid, Paulo Londra",2,2022,11,3,37124397,92,C#,Major,80,81,67,4,0,8,6,20
En La De Ella,"Feid, Sech, Jhayco",3,2022,10,20,67617261,97,C#,Major,82,67,77,8,0,12,5,13
Alone,Burna Boy,1,2022,11,4,48483716,90,E,Minor,61,32,67,15,0,11,5,5
